stembureau,sbnr,bc,sd,kg,blanco,ongeldig,PVDA,VVD,GROENLINKS,D66,SP,REDASD,CDA,PVDD,TROTS,LIJST 10,PIRATENP,GROENEN,OPA-ASD,ASDSOC,CU,LA,RPP,PVVA,ROB,NAT,OMA,MPP,BIP,VOA,PVDE,PVDO,LP,totaal
"Stadhuis, ingang Waterlooplein 18",SB1,A04,A,747,2,7,158,85,102,250,124,25,12,26,2,0,15,2,5,1,3,1,0,5,3,6,3,0,1,2,2,9,6,848
"Stadhuis, ingang Waterlooplein 18",SB2,A04,A,789,2,3,130,71,117,197,118,12,8,27,2,0,16,2,13,1,2,2,0,2,6,7,0,1,1,2,2,3,2,744
"Universiteitsbibliotheek Amsterdam, Singel 425",SB3,A01,A,1133,4,5,99,108,96,324,64,12,22,25,2,0,13,3,6,1,12,2,0,6,1,34,1,3,1,3,2,7,3,850
"Leger des Heils, Oudezijds Achterburgwal 45",SB4,A00,A,1072,2,6,80,57,81,194,56,12,14,7,2,0,9,1,8,2,13,6,0,7,0,2,2,0,1,1,0,4,1,560
"De Keyzer, Czaar Peterstraat 10",SB5,A09,A,1095,6,8,177,55,128,209,132,10,6,17,1,0,8,8,5,2,8,4,1,13,2,0,1,6,3,1,15,7,4,823
"School De Witte Olifant, Nieuwe Uilenburgerstraat 96",SB6,A04,A,1094,8,3,176,80,184,284,129,9,16,34,2,0,14,6,5,5,3,3,1,6,5,8,0,1,2,2,3,10,2,990
"Gemeente Amsterdam, Weesperstraat 430",SB7,A08,A,975,0,2,83,59,57,140,83,9,9,15,0,0,12,1,5,0,3,2,0,5,1,3,1,1,1,3,0,7,3,503
"Gymlokaal, tegenover Lastageweg 50",SB8,A04,A,1047,2,1,123,43,99,186,99,12,14,15,0,0,12,10,4,1,5,4,0,2,1,9,3,1,0,9,0,11,0,663
"Gymlokaal, tegenover Lastageweg 50",SB9,A04,A,1171,2,4,113,45,95,192,92,23,6,19,0,0,9,2,9,1,2,2,0,0,1,2,1,1,0,2,0,23,0,640
"Burghtschool, Herengracht 34",SB10,A02,A,1016,6,3,62,121,52,199,41,9,8,12,2,0,7,1,3,1,1,2,0,4,1,2,0,0,1,3,0,2,0,534
"Burghtschool, Herengracht 34",SB11,A01,A,928,0,5,71,107,68,213,32,11,20,16,1,0,4,1,2,0,1,3,0,0,2,1,2,0,0,0,0,1,0,556
"Theo Thijssenschool, Anjeliersstraat 153",SB12,A06,A,1104,7,8,128,55,106,188,141,17,17,35,3,2,7,7,2,2,4,11,0,3,15,3,1,0,1,2,0,4,3,757
"Korfbalvereniging Swift, Plantage Parklaan 20 A",SB13,A04,A,1059,1,6,107,69,81,208,71,14,13,10,2,2,2,5,8,0,4,1,0,1,3,2,0,1,0,2,2,8,2,618
"Korfbalvereniging Swift, Plantage Parklaan 20 A",SB14,A04,A,1078,2,0,120,66,73,189,60,16,15,23,1,0,6,5,10,0,4,2,0,1,1,4,2,0,2,3,0,11,1,615
"Dependance Theo Thijssen, Palmstraat 9",SB15,A06,A,1160,0,6,88,50,68,144,71,17,4,15,2,0,9,3,4,0,3,10,1,5,2,2,1,0,4,2,0,5,1,511
"Dependance Theo Thijssen, Palmstraat 9",SB16,A06,A,1145,3,4,90,52,55,150,61,9,9,21,3,0,8,9,10,2,4,6,2,10,1,1,2,0,2,1,2,9,1,520
"School St Aloysius, Westerstraat 297",SB17,A06,A,1200,3,5,115,97,79,215,114,25,14,30,2,4,13,7,5,4,4,10,0,8,2,5,3,0,2,2,1,8,3,772
"Artis Aquarium, ingang Plantage Middenlaan 53 ",SB18,A08,A,0,0,0,46,17,54,74,32,4,5,12,1,0,8,0,2,0,2,2,0,2,2,3,1,0,1,0,0,1,0,269
"Openbare Bibliotheek Amsterdam, Oosterdokskade 143",SB19,A04,A,996,2,1,52,28,52,73,35,5,4,12,1,1,3,1,0,0,3,0,0,3,0,3,0,0,0,0,1,1,1,279
"Openbare Bibliotheek Amsterdam, Oosterdokskade 143",SB20,A04,A,0,1,1,40,26,36,73,23,5,3,5,0,0,3,5,5,0,1,1,0,0,1,4,0,4,0,0,0,2,1,238
"De Balie, Kleine-Gartmanplantsoen 10",SB21,A07,A,924,3,3,84,99,66,239,41,20,17,8,0,0,14,2,5,1,2,3,0,0,0,4,0,1,2,3,2,0,1,614
"De Balie, Kleine-Gartmanplantsoen 10",SB22,A07,A,982,1,3,67,77,39,157,30,4,8,17,1,0,8,1,2,1,1,0,0,3,0,2,2,0,0,2,0,2,1,425
"Pand, Keizersgracht 264",SB23,A02,A,779,1,5,62,73,26,152,27,7,9,7,3,0,5,1,1,1,2,0,0,0,0,1,0,0,0,0,0,4,2,383
"Het Claverhuis, Elandsgracht 70",SB24,A06,A,1119,7,6,175,125,105,292,118,24,20,19,2,0,15,5,7,1,4,21,1,9,6,6,0,3,2,2,0,9,2,973
"14e Montessorischool De Jordaan, Elandsstraat 99",SB25,A06,A,873,6,7,94,109,101,221,79,10,5,23,3,0,11,4,4,1,2,7,0,3,3,0,0,1,0,4,0,1,2,688
"Kerk De Duif, Prinsengracht 756",SB26,A03,A,1116,2,3,148,156,98,332,53,19,25,16,3,1,19,3,3,0,0,0,0,3,1,0,0,0,0,4,0,2,2,888
"Kerk De Duif, Prinsengracht 756",SB27,A07,A,1106,0,6,110,148,71,331,31,18,24,18,0,0,5,0,5,0,5,1,0,3,0,2,0,0,1,0,0,3,1,777
"Na School, Prinseneiland 439",SB28,A05,A,798,1,0,54,44,57,121,45,15,6,7,2,0,11,2,5,0,0,5,0,6,1,2,0,0,1,1,0,1,0,386
"Posthoornkerk, Haarlemmerstraat 124-126",SB29,A05,A,1155,8,6,116,70,90,240,105,14,12,25,1,0,11,7,5,0,4,3,0,3,2,5,3,0,0,1,0,10,0,727
"Posthoornkerk, Haarlemmerstraat 124-126",SB30,A05,A,1160,2,3,121,85,116,255,118,14,35,34,1,0,12,6,7,1,3,3,0,6,5,5,1,0,2,0,1,5,1,837
"Woonzorgcentrum Groenhof, Marnixstraat 210 A",SB31,A06,A,790,1,2,28,31,30,85,55,3,8,10,0,0,5,5,0,3,0,3,0,2,1,2,1,0,0,0,1,9,0,282
"School De Eilanden, Grote Bickersstraat 102",SB32,A05,A,892,2,4,93,41,78,145,84,16,8,19,4,0,14,4,7,3,1,2,0,6,2,2,1,1,1,5,4,3,2,546
"School De Eilanden, Grote Bickersstraat 102",SB33,A05,A,952,1,5,81,46,97,161,100,11,7,13,1,2,10,4,7,1,6,5,0,5,1,1,1,1,2,0,2,3,0,568
"Zorgcentrum Sint Jacob, Plantage Middenlaan 52",SB34,A08,A,1080,7,2,109,57,71,171,101,17,13,19,0,0,7,1,11,1,3,2,0,5,3,4,2,0,0,1,0,8,2,608
"Doopsgezinde Singelkerk, Singel 452",SB35,A02,A,931,2,1,85,94,45,220,31,10,18,12,2,0,7,4,2,0,2,0,0,2,0,0,0,0,0,0,0,2,2,538
"ASVO school, Frederiksplein 37",SB36,A07,A,1073,6,4,105,119,86,210,50,13,25,13,1,0,14,8,4,2,2,1,0,3,2,0,0,0,0,0,1,3,4,666
"ASVO school, Frederiksplein 37",SB37,A07,A,958,2,2,113,115,80,262,47,21,23,11,2,0,3,5,2,1,2,1,0,2,2,2,1,0,0,1,0,4,0,700
"Dr. Sarphatihuis, Roetersstraat 2",SB38,A08,A,1108,8,4,96,66,78,189,77,10,5,17,1,1,13,3,5,0,2,3,0,4,3,9,1,0,2,0,1,3,0,589
"Dr. Sarphatihuis, Roetersstraat 2",SB39,A08,A,1026,4,3,94,52,61,174,79,9,10,19,0,0,12,7,5,2,2,6,0,8,3,7,0,0,1,3,1,2,0,557
"Mazzo, Rozengracht 114",SB40,A06,A,1109,1,1,125,68,60,185,80,8,10,20,0,0,16,2,10,0,1,5,2,6,3,1,0,0,2,2,1,5,0,612
"Mazzo, Rozengracht 114",SB41,A06,A,1156,6,1,84,78,62,172,68,5,10,32,1,1,7,4,5,1,2,4,0,5,0,3,4,0,0,3,2,2,2,557
"NH Caransa Hotel, Rembrandtplein 19",SB42,A03,A,996,0,0,64,84,37,188,22,14,8,9,0,0,9,2,2,0,3,3,0,3,0,0,1,1,0,1,1,1,0,453
"De Witte Boei, Kleine Wittenburgerstraat 201",SB43,A09,A,1055,6,4,107,22,69,97,84,5,1,9,1,0,8,3,6,4,7,3,0,7,0,2,1,0,1,1,5,8,0,451
"De Witte Boei, Kleine Wittenburgerstraat 201",SB44,A09,A,1021,5,1,71,22,86,123,81,6,7,17,2,1,13,4,8,2,6,6,0,9,0,2,1,1,1,0,1,8,0,478
"School De Pool, Poolstraat 2",SB45,A09,A,1046,3,1,133,38,74,203,133,11,4,35,2,0,22,1,5,0,10,5,0,11,2,5,2,0,2,0,9,10,1,718
"School De Pool, Poolstraat 2",SB46,A09,A,1060,3,2,88,37,95,142,109,14,6,26,2,0,13,2,8,2,8,6,0,6,3,3,0,0,0,2,4,12,0,588
"Artis Aquarium, ingang Plantage Middenlaan 53 ",SB47,A08,A,0,0,1,32,23,34,57,20,8,4,5,0,0,1,4,2,0,4,2,0,4,1,2,0,0,0,1,0,2,0,206
"Amsterdam Outsider Art, Nieuwe Keizersgracht 1 A",SB48,A08,A,1134,2,2,114,52,68,178,57,11,17,23,1,0,11,4,11,3,8,0,0,4,9,5,0,1,0,2,4,4,2,589
"Verpleeghuis Wittenberg, Nieuwe Kerkstraat 159",SB49,A08,A,870,1,3,115,51,72,144,63,5,4,19,2,0,12,1,7,0,2,2,0,2,5,1,0,0,1,0,0,2,0,510
"Woon- en Zorgcentrum De Rietvinck, Vinkenstraat 185",SB50,A05,A,1121,6,4,127,52,104,177,132,19,10,33,2,0,17,16,15,4,1,16,1,7,0,4,2,2,0,5,0,13,3,762
"De Toneelmakerij, Lauriergracht 99 C",SB51,A06,A,901,6,5,81,41,45,120,65,13,8,17,2,0,6,3,5,0,2,16,0,3,5,2,0,1,1,0,0,2,0,438
"De Toneelmakerij, Lauriergracht 99 C",SB52,A06,A,827,5,5,59,37,51,126,88,13,6,19,0,2,4,2,8,1,2,9,0,6,2,2,0,0,1,1,0,2,1,442
"Basisschool De Kleine Reus, Nieuwe Looiersstraat 9",SB53,A07,A,930,5,2,73,88,38,185,44,9,11,2,0,0,10,0,2,1,1,2,0,4,0,2,1,0,1,0,0,6,0,480
"Melkweg Galerie , ingang Marnixstraat 409",SB54,A02,A,0,0,0,4,1,4,14,0,0,0,1,0,0,0,0,0,0,0,0,0,0,0,0,0,0,0,0,0,0,0,24
"Frascati, Nes 59",SB55,A00,A,1027,1,0,119,71,77,205,42,12,18,15,2,1,9,5,7,2,1,4,0,6,3,9,0,0,2,3,0,0,0,613
"Het Marnix, Marnixplein 1",SB56,A06,A,1130,1,1,104,65,54,158,109,22,8,28,2,1,13,7,11,1,4,4,0,7,5,4,2,0,2,3,1,14,2,631
"Centraal Station, 1e Klas Pub (Perron 2B)",SB57,A01,A,0,7,5,101,96,104,283,65,9,12,21,4,0,14,1,6,0,8,7,0,5,1,13,0,0,1,1,3,2,2,759
"Centraal Station, 1e Klas Pub (Perron 2B)",SB58,A01,A,890,2,4,94,65,107,248,50,9,17,17,3,0,14,5,5,5,5,2,0,4,4,7,2,0,1,2,1,2,3,672
"V&D, Kalverstraat 203",SB59,A01,A,0,2,0,21,18,13,40,13,1,2,5,0,0,1,1,3,2,0,0,0,1,0,5,0,2,0,0,1,1,0,130
"Melkweg Galerie, ingang Marnixstraat 409",SB60,A06,A,1016,1,5,91,84,67,219,61,11,19,15,0,0,13,8,3,6,2,1,0,1,3,2,2,1,1,0,0,0,0,610
"Westerkerk, Prinsengracht 279",SB61,A02,A,1083,5,3,122,142,81,283,88,11,20,18,1,0,13,2,5,2,4,3,2,6,4,3,3,0,2,5,1,1,4,826
"Noorderkerk, Noordermarkt 47",SB62,A06,A,1135,5,6,134,78,85,243,93,25,22,24,0,1,15,6,9,2,9,7,1,5,0,2,2,3,0,2,4,5,2,779
"NH Grand Hotel Krasnapolsky, Dam 9",SB63,A00,A,1146,1,5,90,84,60,248,54,15,8,23,2,0,23,4,6,0,2,1,0,10,3,12,1,0,1,2,0,4,3,656
"Universiteit van Amsterdam, Spuistraat 134 (locatie P.C. Hoofthuis)",SB64,A01,A,1117,3,5,98,108,117,336,66,9,7,18,1,0,22,1,4,2,4,1,1,5,1,10,0,2,1,1,1,2,0,818
"Stadsarchief - gebouw De Bazel, Vijzelstraat 32",SB65,A03,A,983,4,2,104,163,61,275,35,16,14,7,0,0,7,1,3,4,3,1,0,4,3,2,0,0,1,1,0,4,0,709
"De Rode Hoed, Keizersgracht 100",SB66,A02,A,1031,2,5,108,111,63,270,31,15,15,19,0,0,4,4,6,2,2,0,0,1,1,4,1,1,0,0,0,5,0,663
"Het Perron, Egelantiersstraat 130",SB67,A06,A,1119,0,6,131,55,79,179,110,30,8,24,3,1,0,2,4,1,1,3,0,1,5,1,2,0,3,2,0,2,3,650
"Museumwerf 't Kromhout, Kruithuisstraat 25",SB68,A09,A,1104,5,0,94,32,77,114,64,7,9,8,0,0,8,2,2,1,4,0,0,0,2,2,0,0,0,1,4,5,1,437
"Museumwerf 't Kromhout, Kruithuisstraat 25",SB69,A09,A,1084,3,1,107,50,99,155,101,12,5,18,0,1,9,3,2,3,9,5,0,5,4,6,0,0,1,3,5,3,1,607
"Museumwerf 't Kromhout, Kruithuisstraat 25",SB70,A09,A,1031,4,1,111,41,88,138,90,9,4,14,0,0,10,3,2,1,4,4,0,5,2,6,1,0,1,1,0,5,0,540
"APG, Basisweg 10",SB71,B10+B11,B,405,1,0,15,6,4,12,16,1,4,9,0,0,10,5,1,0,0,0,0,3,0,0,0,1,0,0,2,2,0,91
"Station Sloterdijk - Starbucks, Orlyplein 103 A",SB72,B10+B11,B,0,1,2,43,51,37,143,32,8,8,10,1,0,8,2,1,2,2,2,0,5,1,2,0,0,2,0,1,2,1,364
"Basisschool De Kleine Reus, Nieuwe Looiersstraat 9",SB73,A07,A,876,4,2,77,81,49,183,30,16,8,17,0,0,9,0,2,0,3,2,0,5,0,1,0,0,0,1,0,3,1,488
"De Flesseman Centrum van Ouderen, Nieuwmarkt 77",SB74,A04,A,1151,8,4,149,77,124,207,133,32,13,36,2,0,22,6,7,3,8,7,0,5,1,6,4,1,6,3,1,20,0,873
"Ateliers Westerdok, Westerdok 318",SB75,A05,A,771,4,1,82,79,60,197,54,12,5,13,0,0,14,4,8,7,3,0,0,3,0,0,3,0,0,4,1,2,1,552
"Ateliers Westerdok, Westerdok 318",SB76,A05,A,780,1,3,61,43,50,118,35,5,6,13,0,0,7,1,3,0,2,4,1,6,0,1,1,0,0,2,1,2,1,363
"Pand, Keizersgracht 264",SB77,A02,A,836,1,0,61,91,46,171,27,8,13,9,2,0,5,1,2,0,1,1,0,4,1,4,0,0,0,6,0,1,2,456
"De Clutch, Tweede Leeghwaterstraat 5 B",SB78,A09,A,1031,3,2,98,44,65,141,57,8,3,9,1,1,8,1,3,3,1,1,0,7,3,3,2,0,1,2,9,1,1,473
"De Clutch, Tweede Leeghwaterstraat 5 B",SB79,A09,A,939,1,2,72,41,60,137,41,5,10,7,0,0,6,4,3,2,4,0,0,4,2,2,0,2,0,3,5,0,1,411
"De Noorderspeeltuin, Tweede Lindendwarsstraat 10",SB80,A06,A,1131,7,1,114,55,59,169,88,14,14,29,4,0,5,4,6,0,3,3,0,3,5,3,3,1,1,0,2,15,1,601
"Basisschool Insulinde, Sumatrastraat 87",SB81,M31,M,1047,5,7,97,37,76,104,62,4,5,11,2,0,11,1,3,0,8,1,1,1,2,2,0,18,1,0,25,2,0,474
"Kindervreugd, Kramatweg 31 A",SB82,M32+M34,M,1123,7,4,87,20,71,70,83,5,19,11,0,0,5,2,5,0,8,2,0,5,1,1,0,10,2,1,15,15,1,439
"Basisschool Insulinde, Sumatrastraat 87",SB83,M31,M,1181,7,3,106,29,83,127,62,6,6,4,0,0,5,2,1,1,5,4,1,4,0,4,3,19,0,0,21,7,1,501
"Het JAV'ART Huis, Javaplantsoen 6",SB84,M32+M34,M,1025,6,8,71,18,55,101,41,4,7,10,0,0,13,4,1,0,5,3,1,4,2,1,0,5,0,1,27,0,1,375
"Kindervreugd, Kramatweg 31 A",SB85,M32+M34,M,1190,12,4,76,22,38,64,44,5,14,7,2,0,8,0,6,0,6,3,0,3,0,0,0,13,1,0,11,4,0,327
"Verenigingsgebouw Batavia, Tidorestraat 107",SB87,M31,M,1150,9,10,107,10,48,84,65,7,3,10,1,0,10,3,4,0,11,4,1,5,1,1,4,17,4,0,28,6,0,434
"Sporthal Zeeburg, Insulindeweg 1001",SB89,M32+M34,M,1219,2,3,56,29,47,85,38,7,5,14,0,0,11,2,2,1,5,2,0,1,1,11,0,1,0,1,4,7,4,334
"Het JAV'ART Huis, Javaplantsoen 6",SB90,M32+M34,M,1010,4,11,191,44,104,121,99,6,12,16,1,0,13,6,2,0,12,2,0,10,2,3,1,23,7,2,36,9,0,722
"OBS De Kleine Kapitein, Tosaristraat 30",SB92,M33,M,1105,1,2,99,90,106,249,36,13,12,14,0,0,9,2,8,1,0,3,0,6,2,1,1,3,0,3,4,5,0,667
"OBS De Kleine Kapitein, Tosaristraat 30",SB93,M33,M,1181,1,2,137,97,85,229,46,15,5,12,0,0,10,1,2,1,3,2,0,2,0,0,0,1,3,0,0,3,2,656
"KHL Koffiehuis, Oostelijke Handelskade 44",SB94,M33,M,1086,2,4,107,61,115,200,43,15,14,11,0,0,11,3,5,0,5,1,0,11,4,1,2,0,0,1,0,0,8,618
"Kompaszaal, KNSM-laan 311",SB95,M33,M,1063,3,2,182,105,142,212,56,17,15,23,1,2,8,3,7,2,5,0,0,2,2,4,0,0,0,2,2,3,0,795
"Basisschool Het Gouden Ei, C. van Eesterenlaan 50",SB96,M33,M,1085,6,4,201,110,140,306,74,8,10,17,0,0,12,3,5,1,8,2,0,7,2,0,0,5,0,2,17,7,3,940
"KHL Koffiehuis, Oostelijke Handelskade 44",SB97,M33,M,1206,2,3,125,83,97,241,85,14,11,18,0,3,14,2,6,0,5,1,0,7,1,1,2,9,1,4,0,2,1,733
"Int.Inst voor Sociale Geschiedenis(IISG), Cruquiusweg 31",SB98,M33,M,1037,10,4,135,58,93,165,89,12,10,27,2,1,4,2,6,2,14,9,0,2,2,2,3,10,1,0,3,3,2,657
"Int.Inst voor Sociale Geschiedenis(IISG), Cruquiusweg 31",SB99,M33,M,1454,7,1,129,40,106,115,98,9,3,18,1,0,9,1,6,1,5,3,0,4,1,0,1,4,1,2,6,4,1,568
"Instroomhuis, Zeeburgerdijk 215",SB100,M32+M34,M,1089,1,3,106,24,79,80,50,6,17,14,2,0,14,0,1,4,8,3,0,10,1,1,2,16,0,0,28,12,1,479
"De Meevaart, Balistraat 48A",SB101,M31,M,1142,5,8,90,39,83,160,48,3,7,15,0,0,10,2,0,0,7,2,0,2,2,1,0,13,3,2,20,2,2,513
"Basisschool Het Gouden Ei, C. van Eesterenlaan 50",SB102,M33,M,1255,1,1,168,124,129,279,80,15,10,22,0,0,13,2,3,4,10,3,0,5,1,2,3,1,3,1,15,2,3,898
"Gebouw de Evenaar (Gymzaal), Ambonplein 59",SB103,M31,M,1012,6,10,142,15,75,68,75,3,2,7,2,0,13,0,7,2,7,3,0,15,1,1,2,12,3,0,36,14,2,507
"Stayokay Amsterdam Zeeburg, Timorplein 21",SB104,M31,M,1190,8,5,137,74,135,248,82,13,7,24,2,0,21,5,5,0,8,4,0,9,2,7,0,7,0,1,19,4,1,815
"J.P. Coenschool, Bankastraat 18",SB105,M31,M,1112,5,6,85,28,62,120,31,1,3,8,2,0,7,2,0,1,1,6,0,5,2,1,1,4,1,2,6,3,3,385
"Gebouw de Evenaar (zaal Mostar), Ambonplein 59",SB106,M31,M,998,7,9,85,13,60,76,60,6,2,11,0,0,6,0,2,0,5,1,2,8,0,3,0,19,0,0,39,5,1,404
"J.P. Coenschool, Balistraat 79",SB107,M31,M,1173,6,8,137,48,148,207,66,6,12,26,0,0,17,5,8,2,7,1,0,9,5,10,0,8,1,1,13,7,1,745
"OBS Olympus, Erich Salomonstraat 432",SB108,M35,M,1250,0,1,72,61,29,95,31,3,6,8,1,0,4,1,1,1,6,3,1,6,4,0,0,0,0,1,8,6,1,349
"Verenigingsgebouw Batavia, Tidorestraat 107",SB109,M32+M34,M,1389,6,1,120,19,56,82,89,3,1,12,1,0,6,0,3,5,11,5,0,3,1,4,0,25,0,1,32,9,2,490
"OBS Olympus, Erich Salomonstraat 432",SB110,M35,M,1136,6,3,86,93,45,188,46,10,6,7,0,0,12,2,3,2,10,1,0,6,4,0,1,4,0,0,18,7,0,551
"Wijkpartners, Erich Salomonstraat 395",SB111,M35,M,1105,4,6,143,108,70,219,53,6,25,18,0,1,13,1,7,1,22,6,0,12,2,3,1,8,1,1,31,10,0,762
"Montessorischool Steigereiland, John Hadleystraat 4",SB112,M35,M,960,3,2,89,69,54,151,49,9,7,12,1,0,4,1,2,1,7,1,0,6,0,4,0,0,1,0,9,1,1,479
"abbs De Zuiderzee, Brigantijnkade 51",SB113,M35,M,1048,1,0,65,97,42,235,24,13,11,3,0,0,3,1,0,2,3,7,0,2,0,2,2,3,0,0,8,2,5,530
"Cafe Kanis & Meiland, Levantkade 127",SB114,M33,M,1276,6,1,183,75,145,254,107,21,5,29,2,0,7,2,6,0,6,7,0,8,3,2,1,0,3,2,1,7,3,879
"IJburg College, Pampuslaan 1",SB115,M51,M,1102,5,4,73,119,57,191,47,2,17,6,1,1,9,1,3,4,9,2,0,13,0,0,0,5,1,1,10,2,1,575
"IJburg College, Pampuslaan 1",SB116,M51,M,1327,3,4,80,108,38,170,34,5,12,8,1,1,7,0,2,0,9,1,0,7,1,1,1,3,1,3,26,6,0,525
"IJburg College, Pampuslaan 1",SB117,M51,M,1196,3,2,83,111,38,189,52,8,7,19,0,0,7,1,2,0,12,4,0,8,1,1,0,12,1,2,15,5,2,580
"Katholieke Basisschool Willibrord, Diemerparklaan 11",SB118,M35,M,1056,1,4,85,145,37,239,37,7,16,11,0,0,8,1,4,1,0,0,0,7,0,0,0,1,2,1,2,4,0,608
"Lloyd Hotel, Oostelijke Handelskade 34",SB119,M33,M,1100,4,2,106,129,92,258,42,12,9,16,0,0,12,3,5,1,5,1,0,4,2,2,0,0,0,1,0,4,1,705
"Katholieke Basisschool Willibrord, Diemerparklaan 11",SB120,M35,M,1071,3,3,87,125,48,229,30,8,14,18,0,0,3,0,1,1,4,3,0,2,1,1,0,3,1,1,6,5,1,592
"Montessorischool Steigereiland, John Hadleystraat 4",SB121,M35,M,796,2,3,116,100,57,199,43,16,7,11,2,1,6,1,1,3,11,5,0,5,1,2,2,3,2,3,5,3,2,607
"Basisschool De Dapper, Pieter Nieuwlandstraat 3",SB122,M29,M,1362,9,7,161,46,85,150,84,6,11,22,2,0,17,2,6,2,4,3,0,3,1,0,0,18,3,0,17,9,0,652
"Basisschool De Dapper, Pieter Nieuwlandstraat 3",SB123,M29,M,1172,6,2,157,40,93,130,93,5,9,12,0,0,10,1,5,3,4,2,0,2,1,2,1,13,2,0,26,5,0,616
"Gebouw - tegenover Muiderpoortstation, Pontanusstraat 278",SB124,M29,M,1124,5,8,116,41,133,173,73,6,11,22,1,0,17,0,1,2,6,5,0,7,3,5,0,7,3,2,18,11,0,663
"OBS Aldoende, Tweede Boerhaavestraat 22",SB125,M28,M,1313,3,7,95,88,118,237,74,11,10,18,1,0,10,4,3,1,2,1,0,7,2,4,0,6,0,6,11,6,0,715
"OBS Aldoende, Tweede Boerhaavestraat 22",SB126,M27,M,1330,4,2,113,89,126,259,100,17,14,24,0,0,13,4,3,5,2,2,0,5,2,4,0,3,1,3,11,8,3,811
"School Louise de Coligny, Tweede Oosterparkstraat 33",SB127,M28,M,1187,4,2,112,59,105,165,91,14,9,18,0,0,12,5,3,2,4,3,1,2,1,4,0,1,5,2,14,5,2,639
"Ouderencentrum De Gooyer, Von Zesenstraat 298",SB128,M29,M,1414,6,7,194,36,88,177,129,15,16,37,2,0,14,1,10,0,9,13,0,12,1,2,2,11,5,3,29,10,1,817
"Woonzorgcentrum Kastanjehof, Kastanjeplein 60",SB129,M28,M,1055,10,6,190,71,167,205,110,11,17,36,3,0,20,3,7,1,6,7,2,6,5,7,2,6,1,3,9,16,0,911
"Lloyd Hotel, Oostelijke Handelskade 34",SB130,M33,M,1318,6,4,92,104,72,201,36,8,6,10,0,0,9,1,1,0,3,5,0,5,3,1,0,1,1,0,6,2,1,568
"Multicultureel Centrum (zaal2), Joubertstraat 15 C",SB131,M30,M,1123,13,3,149,17,68,82,53,4,3,9,0,0,6,1,2,2,3,2,3,4,1,6,0,14,1,0,50,3,3,486
"School Louise de Coligny, Tweede Oosterparkstraat 33",SB132,M28,M,1100,7,6,132,43,120,202,97,15,11,27,3,0,14,3,6,3,6,5,0,4,1,5,0,7,3,2,17,7,2,735
"Multicultureel Centrum (zaal1), Joubertstraat 15 C",SB133,M30,M,1176,12,6,164,19,72,102,63,4,3,12,0,0,6,2,4,2,4,1,2,5,3,3,0,17,2,2,57,7,0,556
"Buurtcentrum Transvaal, Danie Theronstraat 2",SB134,M30,M,1234,5,1,85,38,68,128,39,12,19,15,1,0,4,2,0,1,9,0,1,4,1,2,1,11,2,0,14,4,1,462
"Montessori College Oost, Polderweg 3",SB135,M30,M,1311,5,2,90,32,58,98,67,5,5,13,1,0,9,2,1,1,8,2,0,2,3,2,0,5,4,2,22,4,0,436
"Stadsdeelhuis, Oranje-Vrijstaatplein 2",SB137,M30,M,1045,4,7,149,71,109,268,101,11,20,26,0,0,13,4,2,3,10,1,0,8,2,4,0,0,2,1,13,6,1,825
"Stadsdeelhuis, Oranje-Vrijstaatplein 2",SB138,M30,M,1149,8,7,123,52,125,213,58,4,11,23,0,0,15,4,3,0,5,3,0,5,2,5,0,2,3,1,7,4,1,669
"Stadsdeelhuis, Oranje-Vrijstaatplein 2",SB139,M28,M,1212,10,4,123,37,92,162,63,5,8,9,0,0,6,0,3,4,3,6,1,5,3,4,0,6,3,2,7,4,1,557
"MuzyQ, Atlantisplein 1",SB140,M29,M,1103,4,3,88,38,99,141,77,7,6,16,2,0,13,0,5,2,3,0,0,2,4,6,0,5,0,1,4,6,3,528
"Servicepunt Het Brinkhuis, Brink 45",SB141,M57,M,1305,13,5,78,30,54,71,140,17,19,32,4,0,14,2,29,2,9,16,0,9,1,0,3,0,2,1,8,29,0,570
"Servicepunt Het Brinkhuis, Brink 45",SB142,M57,M,1182,10,1,85,31,64,71,121,18,10,39,4,0,10,5,19,2,4,14,1,18,2,0,2,1,3,1,2,35,5,567
"Sporthal Wethouder Verhey, Polderweg 300",SB143,M56,M,1242,1,2,71,38,72,117,46,11,6,14,1,0,3,0,3,1,1,3,0,5,1,0,0,1,2,1,4,4,0,405
"Sporthal Wethouder Verhey, Polderweg 300",SB144,M56,M,1583,1,0,63,31,69,109,24,5,2,1,2,0,7,1,4,1,4,1,0,7,0,1,2,1,0,0,1,2,2,340
"Huize Frankendael - ingang koetshuis, Middenweg 72",SB145,M56,M,1348,2,3,248,166,269,512,125,25,44,40,1,1,15,6,12,4,11,6,0,8,3,10,4,2,2,0,5,9,1,1529
"Huygens' dok, Helmholtzstraat 61B",SB146,M56,M,1279,3,2,188,106,165,394,116,42,32,36,0,1,16,4,6,0,5,8,0,10,1,3,0,1,2,1,9,7,1,1154
"De Oerknal, Science Park 306",SB147,M56,M,1535,10,4,166,74,219,321,31,5,20,20,0,0,32,7,2,1,7,1,0,3,4,27,2,2,2,1,0,1,3,951
"Servicepunt Tesla, Middenweg 333",SB148,M56,M,1355,7,3,154,64,86,190,95,34,38,22,5,0,11,1,9,0,15,9,1,17,3,1,3,0,0,0,5,24,3,790
"Don Bosco, James Wattstraat 56",SB149,M55,M,1320,3,1,73,50,56,139,49,8,6,13,2,0,7,0,2,0,1,3,0,11,1,7,0,5,0,2,16,3,0,454
"Buurtcentrum Transvaal(zaal Transinvoor), Danie Theronstraat 2",SB150,M28,M,1266,2,4,91,33,85,136,48,5,10,10,0,1,9,2,5,1,2,3,0,8,3,1,0,8,0,1,7,5,0,474
"Dependance Frankendael, Von Liebigweg 68",SB151,M55,M,1341,2,5,116,32,62,95,101,11,23,43,4,1,12,4,31,1,14,5,1,16,2,1,4,7,1,1,6,28,1,623
"Sporthal Wethouder Verhey, Polderweg 300",SB152,M56,M,1092,4,0,102,45,81,165,51,6,13,11,0,0,6,3,14,3,11,0,0,2,2,2,0,0,3,1,10,3,2,536
"Buurtcentrum Oosterpark, 3e Oosterparkstraat 159",SB153,M28,M,1258,4,2,126,46,103,143,67,5,14,13,0,0,11,4,1,2,8,3,0,3,2,0,1,4,2,2,27,5,4,596
"JOV Don Bosco (grote zaal), James Wattstraat 56",SB154,M55,M,1168,6,5,132,67,82,233,61,4,19,19,1,0,13,3,2,1,5,3,0,7,1,8,2,3,0,2,10,5,2,685
"Zorgcentrum Amsta, Ingenhouszhof 15",SB155,M55,M,969,1,2,83,33,33,90,62,8,14,13,0,0,4,0,16,0,6,9,0,8,1,2,1,5,2,0,2,21,0,413
"De Open Hof, Fahrenheitstraat 115",SB156,M55,M,1221,1,4,135,58,71,161,97,13,40,30,1,0,16,0,26,0,7,11,0,5,3,1,5,1,0,3,3,28,1,716
"Woonzorgcentrum Willem Dreeshuis, Hugo de Vrieslaan 65",SB157,M55,M,949,8,3,76,40,34,78,59,15,14,29,8,1,3,1,11,1,13,7,0,13,0,3,0,0,3,0,4,17,0,430
"Hogeschool van Amsterdam, Weesperzijde 190",SB158,M58,M,1470,3,4,120,69,79,236,48,19,19,10,0,0,14,4,6,3,5,0,0,5,0,14,0,0,4,1,7,4,2,669
"Hogeschool van Amsterdam, Weesperzijde 190",SB159,M58,M,1217,7,2,121,132,96,243,58,6,18,17,0,0,18,1,2,2,12,5,0,13,1,25,0,0,2,0,9,2,5,788
"J.P. Coenschool, Bankastraat 18",SB160,M31,M,911,4,6,73,41,62,153,43,4,7,10,1,0,9,2,1,0,2,0,0,5,3,2,0,0,1,2,10,4,0,435
"Restaurant van der Markt, Schollenbrugstraat 8",SB161,M27,M,1078,3,4,73,56,77,164,54,18,3,9,0,0,8,3,3,1,4,3,0,1,3,4,0,1,0,0,5,2,1,493
"Grand CafÌ© Frankendael, Middenweg 116",SB162,M56,M,1276,3,1,109,65,80,219,62,14,16,19,1,1,10,0,9,2,5,3,1,5,3,2,0,0,0,0,5,11,1,643
"Onze Lieve Vrouwe Gasthuis, Oosterpark 9",SB163,M28,M,1106,9,11,226,125,201,322,160,28,21,43,1,0,18,5,13,3,12,13,0,13,5,9,3,9,3,6,29,15,2,1285
"IJburg College, Pampuslaan 1",SB164,M51,M,1041,2,7,67,125,36,186,38,7,9,7,1,0,5,0,0,0,14,0,0,6,2,2,3,8,1,2,15,1,1,536
"Restaurant van der Markt, Schollenbrugstraat 8",SB165,M27,M,1098,3,2,94,73,88,217,46,14,13,19,6,0,2,0,4,2,3,3,0,7,0,0,0,2,1,2,0,4,0,600
"Muiderkerk (grote vergaderzaal), Linneausstraat 37",SB166,M29,M,1222,5,4,141,69,105,221,102,16,11,27,0,0,7,4,1,3,10,2,0,7,1,5,0,4,2,1,12,4,2,757
"Buurtcentrum Park de Meer, Anfieldroad 110",SB169,M56,M,1283,1,5,188,85,130,219,115,17,31,21,3,0,10,0,8,1,8,15,0,13,0,2,3,3,0,0,3,20,0,895
"Vrije Universiteit Amsterdam, De Boelelaan 1105",SB200,K90,K,1008,6,3,120,128,74,319,50,11,44,16,0,0,25,2,1,1,21,1,1,6,0,15,0,2,1,1,12,13,2,866
"Doven Ontmoetings Centrum, Stadhouderskade 89",SB201,K24,K,1217,1,1,51,77,43,192,33,6,6,6,1,0,7,2,0,1,1,2,0,4,3,4,1,2,1,1,2,1,1,448
"Doven Ontmoetings Centrum, Stadhouderskade 89",SB202,K24,K,1146,3,1,83,73,58,191,38,8,13,15,0,0,9,3,6,0,2,1,0,4,2,3,1,0,1,0,0,2,2,515
"VBSK Albert Cuyp, Albert Cuypstraat 241",SB203,K24,K,1240,3,3,118,92,97,284,69,9,20,23,1,0,19,2,7,4,3,6,0,11,10,9,1,3,1,3,8,9,1,810
"Jan van der Heijdenhuis, Tweede Jan vd Heijdenstr 75",SB204,K24,K,1207,1,6,79,79,95,225,49,14,6,22,0,1,11,1,9,2,4,3,1,3,3,4,1,1,3,1,0,5,1,623
"Jan van der Heijdenhuis, Tweede Jan vd Heijdenstr 75",SB205,K24,K,1145,7,2,65,82,89,195,38,8,14,11,1,0,17,4,3,1,1,0,0,0,0,2,1,0,1,1,0,0,0,534
"Oscar CarrÌ© school, Eerste Jan vd Heijdenstr 161",SB206,K24,K,1138,2,2,71,80,99,189,53,25,9,14,0,0,12,1,3,0,4,3,0,3,0,1,3,3,1,1,5,0,2,582
"Oscar CarrÌ© school, Eerste Jan vd Heijdenstr 161",SB207,K24,K,1184,5,11,124,93,114,288,66,28,27,26,2,0,19,4,9,3,3,5,0,11,0,4,3,5,2,0,3,11,0,850
"Oscar CarrÌ© school, Eerste Jan vd Heijdenstr 161",SB208,K24,K,1191,3,2,94,60,81,158,65,21,8,19,2,0,9,2,3,0,6,1,0,13,1,5,0,6,2,0,4,11,1,572
"De Kunstwerkplaats, Lutmastraat 181-183",SB209,K26,K,953,3,2,112,45,85,156,99,11,8,17,0,0,18,2,11,0,4,3,2,11,2,4,1,0,1,1,4,12,0,609
"NH Museum Quarter, Hobbemakade 50",SB210,K24,K,1065,1,2,46,61,51,130,26,5,4,6,0,0,9,1,1,0,0,2,0,5,0,0,0,0,1,0,0,6,1,355
"Heineken, Ruysdaelkade 73 rechter deur",SB211,K24,K,1169,3,1,99,56,80,174,76,11,10,22,1,0,19,2,4,0,1,1,1,10,0,4,1,2,3,0,1,6,0,584
"GrandcafÌ© Vrienden, Marie Heinekenplein 33",SB212,K24,K,1119,2,1,108,102,95,249,56,16,14,25,0,0,18,1,3,4,2,4,0,8,2,7,0,3,2,1,2,3,1,726
"De Edelsteen, Smaragdplein 3-5",SB213,K26,K,1164,3,6,136,35,67,98,72,22,7,22,0,0,14,1,2,0,6,3,0,5,0,1,3,3,3,1,17,5,1,524
"De Edelsteen, Smaragdplein 3-5",SB214,K26,K,1057,3,5,148,28,62,88,94,32,5,14,1,0,8,1,1,1,5,4,0,4,1,1,2,7,3,4,22,12,2,550
"Senioren bewonersruimte, Servaes Noutsstraat 83",SB215,K25,K,1081,3,4,92,90,81,222,71,21,17,19,0,0,26,1,10,0,0,1,0,5,3,3,2,0,0,2,2,18,0,686
"De Kunstwerkplaats, Lutmastraat 181-183",SB216,K26,K,1043,8,0,118,48,77,128,87,16,15,22,0,1,13,1,5,1,3,2,0,6,4,4,1,3,2,1,7,11,0,576
"3e Daltonschool hoofdgebouw, Van Ostadestraat 201-203",SB217,K25,K,1096,5,7,131,81,122,275,84,28,20,33,2,0,33,5,3,2,5,3,0,5,2,3,0,4,2,1,14,7,2,867
"De Avonturijn, Rustenburgerstraat 236-238",SB218,K25,K,1067,4,5,79,74,76,182,52,10,11,19,1,0,8,2,4,2,3,2,0,6,1,14,0,6,1,1,10,5,0,569
"9e Montessorischool De Scholekster, Karel du Jardinstraat 76",SB219,K25,K,1102,1,3,69,69,60,144,58,6,9,12,0,0,11,1,2,1,1,1,0,5,1,1,0,0,0,3,0,6,4,464
"9e Montessorischool De Scholekster, Karel du Jardinstraat 76",SB220,K25,K,1115,0,1,76,44,57,183,58,10,13,20,0,0,17,0,4,2,2,2,0,5,1,1,0,4,2,1,1,11,2,516
"Sporthal de Pijp, Lizzy Ansinghstraat 88",SB221,K26,K,1007,7,1,74,43,45,94,58,6,3,20,1,0,15,4,4,0,8,1,0,8,0,2,0,3,2,2,6,10,0,409
"Sporthal de Pijp, Lizzy Ansinghstraat 88",SB222,K26,K,922,1,2,66,40,55,125,73,6,5,28,4,0,7,1,7,2,2,1,0,9,0,2,1,3,1,0,1,6,2,447
"d'Oude Raai, Ferdinand Bolstraat 321",SB223,K25,K,1070,11,3,132,83,71,210,99,8,24,26,3,0,18,0,8,1,6,4,0,10,1,1,2,4,2,2,2,32,5,754
"Apollohal linker ingang, Stadionweg 5",SB224,K49,K,959,3,1,104,269,56,357,37,8,40,18,1,0,11,0,3,0,8,2,0,5,3,0,3,0,0,0,0,6,5,936
"Gezond in Zuid, Ruydaelstraat 49 A",SB225,K24,K,1123,2,6,41,50,43,102,51,10,13,11,0,0,8,1,3,2,0,2,0,7,2,2,1,0,0,2,0,4,2,357
"Cornelis Vrijschool, Van de Veldestraat 3",SB226,K47,K,1010,2,0,70,86,39,162,8,19,21,9,0,0,4,0,1,1,5,0,0,2,1,2,0,0,0,0,0,2,1,433
"Cornelis Vrijschool, Van de Veldestraat 3",SB227,K47,K,899,4,2,85,139,43,231,20,11,24,9,0,0,8,2,2,0,4,0,0,2,0,3,0,0,0,1,3,0,0,587
"Oud-Katholieke Kerk, ingang Pieter Baststraat 3",SB228,K47,K,1006,4,1,112,156,65,297,58,12,11,17,5,0,11,0,0,2,7,1,0,7,0,6,0,0,0,3,1,5,0,776
"The College Hotel van Baerlesalon, Roelof Hartstraat 1",SB229,K50,K,1014,3,0,120,102,77,280,60,20,14,18,3,0,6,2,5,3,8,0,1,4,0,7,1,0,1,3,1,4,6,746
"The College Hotel de Costersalon, Roelof Hartstraat 1",SB230,K47,K,1100,2,1,140,76,100,212,62,17,21,14,1,0,12,2,4,0,2,3,0,4,0,2,1,1,0,1,0,3,2,680
"Hildebrand van Loonschool, Hondecoeterstraat 6",SB231,K47,K,1032,0,3,108,154,63,270,31,20,40,16,0,0,7,2,3,0,3,1,1,3,2,1,1,0,1,2,1,3,0,733
"Obrechtkerk, Jacob Obrechtstraat 30",SB232,K47,K,1141,0,2,137,206,82,330,49,29,25,20,1,0,9,4,6,1,3,0,0,3,0,3,1,1,0,2,0,5,1,918
"Gymzaal Nicolaas Maesschool, Heinzestraat 9",SB233,K47,K,831,1,0,91,103,61,165,36,13,17,7,0,0,4,1,3,0,0,0,0,0,0,1,1,1,0,3,0,3,1,511
"Gymzaal Nicolaas Maesschool, Heinzestraat 9",SB234,K47,K,822,2,1,92,81,49,139,24,15,12,10,3,0,1,4,6,0,4,1,0,5,0,0,0,0,0,0,0,3,0,449
"EMB Hotel Memphis, De Lairessestraat 87",SB235,K47,K,1246,0,5,75,200,44,314,16,19,12,16,1,0,3,0,2,0,5,0,0,2,0,2,2,0,0,1,0,0,2,716
"Dansschool Oostveen, Amstelveenseweg 132",SB236,K45,K,1020,2,3,73,70,58,191,37,13,18,22,0,0,15,4,0,1,4,6,0,5,1,3,1,3,2,0,1,7,0,535
"Basisschool Elout, Cornelis Krusemanstraat 68",SB237,K46,K,1209,4,1,93,67,72,246,66,18,17,24,2,0,18,1,7,1,7,3,0,8,3,0,1,0,1,1,1,7,4,668
"Basisschool Elout, Cornelis Krusemanstraat 68",SB238,K46,K,1189,2,3,85,111,73,243,69,14,13,21,0,0,13,2,6,1,5,1,0,18,0,1,2,1,0,0,1,12,1,693
"De Derde Schinkel, Derde Schinkelstraat 9",SB239,K45,K,845,6,3,57,68,56,179,22,10,11,15,1,0,14,4,6,1,5,1,0,5,0,2,0,0,0,0,0,6,1,464
"Flatgebouw Baarsstraat, Baarsstraat 17A t/m 29E",SB240,K45,K,1107,7,2,93,109,63,231,75,11,13,32,2,0,18,4,5,2,15,4,0,12,2,2,2,0,1,0,1,16,1,714
"Gymzaal Zuidwester, Cornelis Krusemanstraat 10",SB241,K46,K,1046,0,2,59,91,33,182,21,7,10,7,0,0,3,0,3,1,3,2,0,0,0,3,0,0,0,0,0,1,0,426
"Gymzaal Zuidwester, Cornelis Krusemanstraat 10",SB242,K46,K,1079,3,3,95,118,68,223,42,5,23,7,0,0,9,0,3,0,1,1,1,5,0,1,0,0,0,2,0,5,3,612
"Hervormd Lyceum Zuid, Brahmsstraat 7",SB243,K49,K,1206,2,5,125,229,55,338,31,11,44,11,0,0,11,1,7,0,1,4,0,3,0,3,2,0,0,1,1,4,1,883
"St. Ignatius Gymnasium, ingang Adama van Scheltemaplein",SB244,K49,K,1198,0,1,74,176,44,232,23,5,22,10,1,0,8,0,5,0,1,1,0,1,0,1,1,0,0,1,0,1,1,608
"St. Ignatius Gymnasium, ingang Adama van Scheltemaplein",SB245,K49,K,1174,2,1,94,208,48,299,26,6,29,14,0,0,13,2,6,0,6,2,0,2,0,2,1,0,0,1,0,4,1,764
"Huis van de Wijk Olympus, HygiÌÇaplein 8-10",SB246,K48,K,1113,5,4,148,79,76,204,72,16,12,33,1,0,28,2,9,1,8,9,1,6,3,1,0,6,2,3,4,21,0,745
"Willem de Zwijgerkerk, Olympiaweg 14",SB247,K48,K,914,2,2,72,44,59,102,70,8,12,14,1,1,20,0,4,2,9,0,1,11,0,0,1,4,2,2,5,14,3,461
"Willem de Zwijgerkerk, Olympiaweg 14",SB248,K48,K,1070,0,1,78,29,39,121,75,10,13,20,4,0,14,3,4,1,9,2,0,6,3,2,1,0,0,1,3,12,2,452
"Willem de Zwijgerkerk, Olympiaweg 14",SB249,K48,K,1051,2,7,94,32,54,109,61,7,15,19,2,1,16,2,11,0,8,2,1,7,1,1,3,7,1,1,3,19,2,479
"CitroÌÇn dealer, Stadionplein 22-24",SB250,K48,K,1004,1,2,62,84,46,119,36,5,9,7,2,0,4,5,3,1,6,2,0,7,0,3,1,0,0,0,0,6,1,409
"CitroÌÇn dealer, Stadionplein 22-24",SB251,K48,K,969,3,2,70,104,43,182,39,10,13,12,1,0,5,1,5,0,2,2,0,5,1,1,2,0,1,0,1,9,0,509
"Bibliotheek Olympisch Kwartier, Laan der Hesperiden 18",SB252,K48,K,936,5,6,130,218,65,260,57,4,26,18,2,0,7,1,4,1,9,2,1,6,0,2,2,2,1,4,10,14,1,847
"Hilton Hotel rechter ingang, Apollolaan 138",SB253,K49,K,1130,1,3,82,216,41,279,16,4,25,6,0,0,8,0,2,0,2,3,1,2,1,1,1,0,0,0,0,2,1,693
"Hilton Hotel rechter ingang, Apollolaan 138",SB254,K49,K,1131,5,1,78,207,41,308,18,6,40,13,0,0,4,1,5,1,2,1,0,4,1,2,1,0,0,0,0,4,3,740
"Wyndham Apollo Hotel ingang Stadionweg, Stadionweg",SB255,K52,K,1068,0,1,34,72,20,103,12,3,11,6,0,0,1,1,4,0,0,0,0,1,0,0,1,0,0,1,0,2,0,272
"Dansschool Oostveen, Amstelveenseweg 132",SB256,K44,K,1046,2,1,73,67,54,162,28,16,13,16,0,0,9,2,8,1,5,1,1,4,0,3,1,0,2,0,0,3,3,472
"Portocabin Theophile de Bockstraat, Theophile de Bockstraat t/o 13",SB257,K44,K,994,8,2,81,101,62,245,47,8,18,23,0,0,16,2,6,3,5,1,0,9,0,1,1,0,0,4,0,9,1,643
"Portocabin Theophile de Bockstraat, Theophile de Bochstraat t/o 13",SB258,K44,K,921,5,3,82,96,73,199,42,8,14,24,4,0,18,1,5,0,4,2,0,3,1,3,3,0,0,3,2,10,0,597
"Bredeschool Bockesprong, Theophile de Bockstraat 100",SB259,K44,K,1124,5,0,63,56,77,171,39,8,4,13,2,0,9,0,3,0,4,4,0,8,1,1,2,0,2,1,6,5,0,479
"Bredeschool Bockesprong, Theophile de Bockstraat 100",SB260,K44,K,1142,4,1,51,64,51,176,39,11,8,23,0,0,10,12,4,1,5,4,0,12,0,1,0,3,1,2,2,21,0,501
"Bredeschool Bockesprong, Theophile de Bockstraat 100",SB261,K44,K,1133,4,2,55,86,47,189,37,11,22,22,2,1,12,1,2,0,9,3,1,6,0,1,0,0,1,0,0,13,0,521
"Portocabin Hoofddorpplein, Hoofddorpplein",SB262,K44,K,1067,6,1,89,130,91,344,44,13,12,16,0,0,17,1,1,3,5,6,1,13,4,0,2,2,3,2,2,10,2,813
"Portocabin Hoofddorpplein, Hoofddorpplein",SB263,K44,K,1078,8,2,80,108,87,339,58,17,17,26,1,0,21,5,15,1,6,5,0,8,1,2,5,1,0,0,1,7,1,812
"Generaal Vetter, Generaal Vetterstraat 27",SB264,K44,K,803,2,2,36,58,34,117,13,3,5,9,0,0,12,0,5,0,1,9,0,4,0,1,0,0,0,1,0,9,0,317
"Gymzaal, Fred. Roeskestraat 94 B",SB266,K48,K,1072,2,1,41,82,22,137,40,8,4,10,0,0,8,2,0,0,1,2,0,5,0,0,2,0,0,2,2,2,1,371
"Gymzaal, Fred. Roeskestraat 94 B",SB267,K48,K,945,1,0,43,76,34,133,30,9,7,9,0,0,10,0,1,1,2,3,1,0,0,1,1,0,0,0,0,5,0,366
"Pastorie Vredeskerk, Pijnackerstraat 9",SB268,K25,K,966,6,4,88,96,73,254,55,8,17,21,1,0,11,2,5,4,6,3,0,5,1,3,1,3,3,2,2,10,1,675
"Anne Frankschool, Niersstraat 41",SB270,K52,K,1053,10,3,167,183,118,373,65,19,28,22,5,0,20,3,5,0,2,3,0,10,1,7,0,0,0,1,5,11,2,1050
"Knijn Bowling, Scheldeplein 3",SB271,K52,K,997,3,4,92,136,56,265,42,11,27,16,3,0,14,1,5,0,6,0,0,7,0,2,3,3,3,2,2,5,0,701
"Zorgstichting Philadelphia, Meerhuizenplein 4 A",SB272,K53,K,1014,3,4,90,62,61,189,73,20,18,19,0,0,21,1,11,0,11,1,0,8,0,5,3,5,2,2,9,18,1,630
"Zorgstichting Philadelphia, Meerhuizenplein 4 A",SB273,K53,K,1102,4,2,111,61,75,190,61,9,16,13,1,0,15,2,3,1,9,1,2,8,1,5,0,2,4,0,13,6,1,610
"Speellokaal school De Rivieren, Lekstraat 35 - 37",SB274,K52,K,1091,5,4,156,168,97,357,99,20,39,26,1,0,20,1,6,2,3,4,0,10,0,6,0,2,1,2,5,17,1,1043
"SBO Kolom/Meander, Winterdijkstraat 10",SB275,K54,K,1136,7,4,89,48,73,183,71,9,13,21,4,1,13,4,12,1,3,3,0,10,0,1,1,1,2,1,9,14,0,587
"Mathildapaviljoen, 't Kabouterhuis, Amsteldijk 196",SB276,K54,K,1113,3,1,72,60,42,157,39,7,13,21,0,0,12,1,8,1,1,0,0,4,2,3,2,0,0,2,0,7,4,458
"Mathildapaviljoen, 't Kabouterhuis, Amsteldijk 196",SB277,K54,K,1148,0,0,65,66,57,150,30,7,9,11,0,0,10,3,7,1,7,0,0,2,0,1,1,0,0,0,0,7,1,435
"Dongeschool, Dintelstraat 5-7",SB278,K52,K,1153,2,3,87,118,54,204,60,17,20,8,0,0,15,3,9,2,2,1,0,7,1,0,1,2,0,3,0,5,1,620
"Maarten Luther Kerk, Dintelstraat 134",SB279,K52,K,1194,0,3,101,81,68,202,60,9,24,24,1,0,18,2,2,1,4,3,0,11,2,1,1,0,0,1,1,7,5,629
"Maarten Luther Kerk, Dintelstraat 134",SB280,K52,K,1197,0,2,94,121,61,200,58,9,23,18,2,0,16,2,9,0,10,2,0,7,2,2,5,2,0,0,2,10,2,657
"Voormalig Postkantoor, President Kennedyplnts 3",SB281,K54,K,1261,2,1,77,67,56,126,66,17,19,14,1,1,13,0,10,0,5,4,0,7,4,3,1,1,1,0,0,14,0,507
"Buurtcentrum ROC-TOP, Geulstraat 9",SB282,K52,K,1222,3,2,98,152,76,296,31,19,18,16,0,0,6,0,7,1,0,4,0,6,3,2,2,0,0,0,0,12,2,751
"Voormalig Postkantoor, President Kennedyplnts 3",SB283,K54,K,1276,6,8,102,54,57,135,92,18,14,38,2,1,13,2,13,0,7,8,0,12,2,5,1,0,0,0,2,17,1,596
"Woon- en Zorgcentrum Torendael, Veluwelaan 21",SB284,K52,K,877,7,3,75,59,36,126,37,7,20,7,0,0,8,1,5,1,4,1,1,2,0,1,2,1,2,1,1,10,0,408
"Woon- en Zorgcentrum Torendael, Veluwelaan 21",SB285,K52,K,898,7,0,89,90,60,161,58,16,24,17,0,0,7,2,8,0,12,2,0,9,0,1,5,1,0,0,0,13,5,580
"Thomaskerk, Prinses Irenestraat 36",SB286,K59,K,1099,1,2,79,264,50,291,16,10,36,20,0,0,7,0,1,0,4,1,0,5,1,2,3,0,0,1,0,3,0,794
"Verpleegcentrum Vreugdehof, De Klencke 111",SB287,K91,K,1065,1,4,65,63,14,94,50,10,26,14,4,0,5,0,13,1,3,3,0,5,0,0,0,0,0,0,4,19,0,393
"Verpleegcentrum Vreugdehof, De Klencke 111",SB288,K91,K,1091,5,1,69,82,18,100,69,15,37,22,1,0,5,0,19,0,16,3,0,11,0,1,2,0,2,0,0,27,0,499
"NH Hotel Musica, Van Leijenberghlaan 221",SB289,K91,K,1270,5,4,96,196,39,180,34,6,36,24,2,0,9,1,11,2,8,2,0,14,1,2,4,1,2,4,1,20,7,702
"Verpleegtehuis De Buitenhof, Nieuw Herlaer 2",SB290,K91,K,960,8,3,64,118,34,130,40,4,28,20,3,1,7,0,6,0,10,2,2,11,0,0,2,0,2,0,2,21,5,512
"Verpleegtehuis De Buitenhof, Nieuw Herlaer 2",SB291,K91,K,809,2,0,47,98,30,98,35,3,24,9,1,0,5,0,6,0,9,5,0,7,0,0,3,0,2,1,0,24,0,407
"Andrieskerk, Arent Janszoon Ernststr 869",SB292,K90,K,1065,1,2,121,154,39,173,60,9,35,18,3,0,13,0,11,1,11,5,1,17,0,0,3,1,1,0,4,33,4,717
"Sporthal de Pijp, Lizzy Ansinghstraat 88",SB293,K26,K,1129,2,4,61,28,56,112,53,5,7,7,0,0,11,0,1,1,2,1,1,4,0,2,1,7,1,0,6,7,0,374
"Sporthal de Pijp, Lizzy Ansinghstraat 88",SB294,K25,K,1191,1,1,82,44,52,120,53,2,6,15,2,0,6,3,4,2,5,1,1,2,1,4,0,12,0,2,7,6,0,432
"Gymzaal bij school De Ark, Zuid-Hollandstraat 7",SB295,K90,K,1202,2,0,81,91,29,140,31,10,30,23,3,0,29,0,9,2,19,6,0,11,0,3,3,2,2,2,2,9,1,538
"Gymzaal bij school De Ark, Zuid-Hollandstraat 7",SB296,K90,K,1253,7,3,90,139,32,187,40,9,39,20,1,0,12,1,13,1,9,5,1,15,2,1,0,2,2,1,5,26,1,654
"Menno Simonszhuis, Noordhollandstraat 17 A",SB297,K90,K,1080,8,1,83,157,35,141,45,9,44,17,0,0,9,1,12,0,13,5,0,9,0,3,1,0,2,2,0,37,1,626
"Marius ten Catehof, Van Nijenrodeweg 937",SB298,K90,K,1166,9,1,108,150,32,190,78,13,36,24,4,0,12,2,12,1,9,4,0,18,0,1,9,0,1,1,1,38,0,744
"Woonzorgcentrum Buitenveldert, Doornburg 2",SB299,K90,K,1234,6,2,59,211,28,163,45,12,43,13,1,0,5,0,10,0,4,2,0,9,0,0,1,0,0,0,0,12,1,619
"W.T.C. gebouw H, Zuidplein 36",SB300,K59,K,0,8,0,60,215,46,322,6,2,17,5,0,0,11,2,2,0,7,0,0,1,0,3,0,1,0,0,3,2,1,706
"Rijksmuseum, Museumstraat 1",SB301,K47,K,313,2,0,131,106,118,317,28,21,17,17,3,0,14,4,4,0,7,0,0,3,1,8,1,0,0,3,1,1,1,806
"Portocabin IJselplein, t/o Reggestraat 20",SB302,K53,K,1105,3,4,92,66,58,183,67,12,14,18,1,0,15,1,10,2,3,1,1,5,1,3,1,1,0,1,4,13,0,573
"Portocabin IJselplein, t/o Reggestraat 20",SB303,K53,K,1093,10,3,70,49,46,123,44,5,11,13,0,0,8,1,2,1,1,1,0,12,2,1,1,1,0,1,1,5,0,399
"Portocabin IJselplein, t/o Reggestraat 20",SB304,K53,K,1179,1,3,118,112,85,240,77,16,19,26,1,0,27,1,4,4,5,6,1,13,2,3,1,3,1,0,0,10,0,775
"Multifunctioneel Centrum Binnenhof, Arent Janszoon Ernststr 112",SB305,K90,K,1123,8,5,111,161,39,205,86,10,37,27,3,1,12,0,25,0,19,5,0,12,0,4,3,0,2,3,10,41,3,819
"Multifunctioneel Centrum Binnenhof, Arent Janszoon Ernststr 112",SB306,K90,K,1058,1,4,115,121,51,170,95,3,33,17,4,0,7,1,6,1,18,7,1,9,1,2,1,0,0,1,1,34,0,699
"Elisabeth Otter-Knoll Stichting, Loowaard 3",SB308,K91,K,1041,8,2,51,82,27,107,21,8,31,7,0,0,4,0,4,0,6,2,0,1,0,2,1,0,0,0,0,17,2,373
"Miranda Paviljoen ingang Wintertuin, Amsteldijk 223",SB309,K54,K,1033,2,3,62,73,53,164,27,10,12,19,0,0,16,0,3,2,4,1,0,2,0,3,1,1,1,0,0,5,0,459
"Miranda Paviljoen ingang Wintertuin, Amsteldijk 223",SB310,K54,K,1044,3,1,57,57,39,143,32,7,14,18,0,0,15,0,4,1,4,1,0,4,0,2,1,0,0,0,0,4,1,404
"El Amien II, Van Gentstraat 16 A",SB311,E37+E36,E,1169,6,5,79,24,34,95,46,2,5,16,0,1,12,2,2,1,2,6,1,6,1,0,5,6,0,1,11,6,1,365
"El Amien II, Van Gentstraat 16 A",SB312,E37+E36,E,1084,2,6,67,23,53,92,23,3,10,12,3,0,9,4,5,4,4,5,0,4,1,1,9,12,0,2,11,6,0,363
"KBS De Boomgaard, Gibraltarstraat 61",SB313,E37+E36,E,1398,7,4,88,42,67,140,54,7,3,15,1,0,6,3,2,0,8,1,0,3,3,2,2,12,2,0,12,4,0,477
"KBS De Boomgaard, Gibraltarstraat 61",SB314,E37+E36,E,892,5,7,136,41,84,169,62,6,19,18,4,2,17,7,8,1,5,1,0,7,1,3,3,22,1,0,12,8,0,637
"Tijl Uilenspiegelschool, Tijl Uilenspiegelstraat 11",SB315,E37+E36,E,1326,4,5,116,59,67,180,55,6,14,15,0,1,13,5,7,0,8,3,0,2,0,1,0,37,0,0,22,4,1,616
"Tijl Uilenspiegelschool, Tijl Uilenspiegelstraat 11",SB316,E37+E36,E,868,10,8,108,39,46,117,52,8,9,6,0,0,12,1,4,1,10,1,0,1,1,2,0,37,3,0,16,13,1,488
"Tijl Uilenspiegelschool, Tijl Uilenspiegelstraat 11",SB317,E38,E,1165,10,7,95,59,57,174,59,1,15,16,2,1,8,4,4,3,10,6,0,1,2,2,5,36,0,1,10,8,2,581
"Sportplaza Mercator, Jan van Galenstraat 315",SB318,E39,E,1430,9,9,104,37,74,186,51,6,14,10,1,0,8,4,5,1,7,2,1,1,0,1,0,33,3,0,26,8,0,583
"Wachterliedpaviljoen, Wachterliedplantsoen 2",SB319,E37+E36,E,1440,8,4,91,67,54,177,58,2,10,14,2,0,8,2,2,1,4,1,0,1,0,0,1,17,0,0,12,2,1,527
"Wachterliedpaviljoen, Wachterliedplantsoen 2",SB320,E38,E,1147,2,6,102,49,52,168,46,2,13,16,1,0,13,5,4,3,6,5,0,1,3,1,3,15,1,2,2,5,0,518
"Narcis-Queridoschool, Jan den Haenstraat 41",SB321,E37+E36,E,1325,0,0,124,36,72,158,61,7,16,14,1,0,11,6,2,4,11,4,3,2,1,4,2,12,0,2,10,10,1,574
"Narcis-Queridoschool, Jan den Haenstraat 41",SB322,E37+E36,E,1161,13,9,111,30,50,128,59,6,10,10,1,10,13,8,3,3,8,5,0,2,2,2,0,14,0,1,23,3,1,503
"Narcis-Queridoschool, Jan den Haenstraat 41",SB323,E37+E36,E,1513,12,2,123,43,48,132,66,7,11,11,2,0,19,5,4,0,6,5,0,3,2,3,0,21,2,2,23,6,1,545
"Centrum voor Ouderen De Boeg, Hoofdweg 495",SB325,E39,E,1168,19,10,152,84,79,202,87,7,28,19,2,0,21,0,15,2,8,3,0,10,0,6,7,22,0,0,9,20,0,783
"Openbare Bibliotheek Amsterdam, Bos en Lommerplein 176",SB326,E39,E,1446,16,14,145,57,66,162,59,2,11,14,2,0,16,6,3,0,6,4,0,3,1,2,2,34,2,0,8,13,2,620
"Openbare Bibliotheek Amsterdam, Bos en Lommerplein 176",SB327,E38,E,1846,8,11,164,65,71,186,63,4,12,13,3,0,17,2,2,0,9,5,2,1,1,6,4,24,1,0,14,5,0,674
"Bos en Lommerschool, Flierefluiterpad 15",SB328,E39,E,1942,9,19,204,38,41,82,47,4,8,8,4,0,6,0,2,2,10,1,8,1,1,3,3,82,0,0,45,2,0,602
"Bos en Lommerschool, Flierefluiterpad 15",SB329,E39,E,1843,13,20,210,31,39,103,83,6,10,11,6,1,12,0,5,1,13,3,1,1,0,3,2,97,2,4,38,12,2,696
"de Wiltzangh, Hertspieghelweg 55",SB330,E37+E36,E,1079,4,8,65,20,48,82,48,2,18,9,0,0,8,5,3,0,7,2,2,0,2,1,4,20,0,0,10,2,0,358
"Sportvereniging Blauw-Wit, Joos Bankersweg 18 A",SB331,E37+E36,E,1201,3,1,80,40,67,152,27,4,11,18,4,0,9,1,2,1,5,0,0,4,0,1,7,2,0,0,0,5,0,440
"Molen van Sloten, Akersluis 10",SB341,F84,F,909,5,3,66,104,28,161,42,10,32,18,8,0,7,1,15,0,10,16,0,14,1,3,4,2,0,4,2,10,0,558
"Dienstencentrum Maarten Luther, Oeverpad 300",SB342,F81,F,821,15,3,116,70,34,163,65,13,40,21,3,0,1,1,18,0,9,4,0,5,1,2,4,3,0,2,1,48,0,624
"Prof. Dr. H. Kraemerschool, gymlok ingang Veldzicht",SB343,F81,F,1209,5,5,69,12,39,37,50,3,15,8,0,0,1,0,6,0,5,3,0,2,0,1,0,1,0,0,21,14,1,288
"Prof. Dr. H. Kraemerschool, gymlok ingang Veldzicht",SB344,F81,F,1127,11,9,78,18,10,39,39,0,15,7,1,2,1,3,4,0,5,1,0,2,0,0,2,35,1,1,27,10,0,301
"B.C.O. (voormalige St. Lukasschool), Notweg 32",SB345,F81,F,1322,11,10,161,60,22,91,101,5,60,17,5,0,4,2,18,0,10,17,0,16,0,2,12,19,0,2,23,89,2,738
"Osdorpse Montessorischool, Hoekenes 59",SB346,F81,F,1057,5,1,99,45,24,89,76,4,17,13,4,0,4,1,13,0,1,12,0,9,0,0,2,19,0,0,12,35,0,479
"Stadsdeelkantoor, Osdorpplein 1000",SB347,F81,F,1088,13,1,120,66,29,107,75,6,28,27,4,0,5,0,14,1,11,14,0,6,1,3,3,8,0,1,22,30,1,582
"Dienstencentrum Osdorperhof, Pieter Calandlaan 86",SB348,F81,F,1138,6,5,71,66,35,94,50,5,32,16,3,0,5,0,14,2,8,5,0,7,1,3,3,4,2,0,2,22,2,452
"Dienstencentrum Osdorperhof, Pieter Calandlaan 86",SB349,F81,F,1075,4,5,76,51,30,94,41,10,42,18,5,0,8,1,17,2,17,8,1,7,1,2,1,6,0,0,1,33,0,472
"Gymlokaal Ichthusschool, Louis Davidsstraat 103",SB350,F81,F,913,3,2,86,48,24,68,67,9,28,10,12,1,8,2,23,0,6,27,0,9,0,1,8,3,1,1,7,30,1,480
"Verenigingsruimte NIVON, Ouwerdingenpad 3",SB351,F82,F,1308,10,2,97,32,16,55,26,0,27,5,2,1,2,0,6,0,6,6,0,5,1,0,7,23,0,0,23,22,0,362
"Zorgcentrum Leo Polak, Saaftingestraat 8",SB352,F80,F,1037,3,2,88,55,16,61,31,3,22,12,2,0,1,1,8,1,4,4,0,7,0,2,0,32,0,0,8,22,4,384
"Zorgcentrum Leo Polak, Saaftingestraat 8",SB353,F82,F,1013,12,4,71,47,19,62,49,9,44,12,1,1,1,1,15,2,6,14,0,2,0,2,6,9,1,0,25,33,0,432
"De Kikker, Evertsweertplantsoen 3",SB354,F82,F,1504,10,6,158,20,30,69,68,5,23,8,1,0,11,3,10,0,6,1,0,10,0,2,0,58,2,0,33,23,2,543
"De Kikker, Evertsweertplantsoen 3",SB355,F82,F,1542,7,6,103,22,20,68,49,4,7,7,3,0,3,2,6,0,5,1,0,5,0,2,4,37,0,1,31,20,1,401
"De Kikker, Evertsweertplantsoen 3",SB356,F82,F,1511,7,7,170,39,16,101,47,9,20,9,0,0,7,0,9,0,8,10,0,8,0,1,5,57,0,1,42,21,2,582
"Basisschool de Odyssee, Cycladenlaan 2",SB357,F84,F,819,5,7,67,72,23,93,16,2,20,10,3,0,6,1,4,0,6,3,0,12,0,0,1,31,1,2,11,6,1,391
"Gymlokaal St Paulusschool, Koos Vorrinkweg 5",SB358,F82,F,1795,4,5,139,60,37,156,57,12,29,3,10,1,6,0,8,2,9,12,2,9,2,2,4,45,0,0,36,19,2,662
"Buurthuis De Aker, Noorderakerweg 2",SB359,F84,F,1168,5,1,78,41,15,69,55,7,25,17,2,0,5,0,13,0,14,14,0,7,0,3,2,5,2,0,7,33,0,414
"Buurthuis De Aker, Noorderakerweg 2",SB360,F83,F,1186,5,3,90,54,23,46,55,8,27,13,3,0,4,0,10,0,7,6,0,15,2,0,2,32,1,0,8,29,1,436
"Buurthuis De Aker, Noorderakerweg 2",SB361,F83,F,1283,5,5,91,30,28,69,41,4,22,12,10,0,4,1,9,0,22,17,0,6,0,0,7,17,0,0,5,25,0,420
"Schoolgebouw, Hoekslootstraat 7",SB362,F83,F,699,3,2,72,15,10,37,37,4,7,6,3,0,3,0,10,1,4,2,0,4,2,0,8,23,0,0,8,15,0,271
"Schoolgebouw, Hoekslootstraat 7",SB363,F83,F,1179,6,4,54,26,20,66,47,5,15,12,0,0,3,2,5,0,8,11,1,4,1,1,2,2,0,1,4,7,0,297
"Schoolgebouw (hoofdingang), Brenner 9",SB364,F84,F,1082,3,2,80,86,27,113,38,4,20,5,10,0,4,0,15,0,8,20,0,11,1,0,4,6,1,0,4,30,0,487
"Schoolgebouw (hoofdingang), Brenner 9",SB365,F84,F,1144,7,3,94,96,27,97,60,7,29,12,1,0,8,1,7,0,11,10,0,15,0,1,6,16,0,2,0,17,0,517
"School De Horizon, zij-ingang Iwan Kantemanplein",SB366,F84,F,1299,2,3,124,95,26,150,50,5,24,16,5,0,9,0,7,1,7,6,0,7,1,0,4,11,1,1,7,12,2,571
"School De Horizon, zij-ingang Iwan Kantemanplein",SB367,F84,F,1263,7,2,112,90,28,157,54,7,21,17,6,0,3,0,13,0,15,13,0,4,0,1,5,10,2,4,1,34,1,598
"School De Horizon, zij-ingang Iwan Kantemanplein",SB368,F84,F,1338,4,7,109,105,29,106,43,3,40,10,3,0,9,0,10,0,10,14,0,9,0,0,9,30,0,2,6,12,0,559
"Het Groeipaleis, Joop Woortmanplein 5",SB369,F84,F,1551,10,11,125,63,28,132,89,11,41,31,11,0,7,1,20,4,5,18,0,21,0,1,11,16,0,0,8,35,2,680
"Basisschool De Odyssee, Cycladenlaan 2",SB370,F84,F,783,2,6,81,69,21,120,27,1,24,9,3,0,2,1,2,2,4,5,1,3,0,0,2,25,0,0,12,5,1,420
"Stadsdeelkantoor, Osdorpplein 1000",SB371,F81,F,1222,5,7,116,50,23,85,72,4,13,12,1,0,4,0,9,0,3,14,0,4,0,1,3,17,0,0,14,17,1,463
"De Meervaart, Meer en Vaart 300",SB372,F81,F,0,0,0,32,20,12,42,10,4,7,4,2,0,2,0,5,0,3,3,0,1,1,2,3,3,0,0,3,4,0,163
"Meer en Oever, Geer Ban 161-167",SB373,F81,F,1619,4,2,123,58,23,106,35,2,33,9,6,0,12,1,4,0,9,8,0,4,0,4,5,25,0,1,15,15,1,499
"Gymlokaal St Paulusschool, Koos Vorrinkweg 5",SB377,F82,F,1750,6,6,110,81,33,113,49,4,24,8,2,0,6,0,6,3,9,5,1,9,0,0,0,62,0,0,26,9,0,560
"De Spaarndammerhout, Krommeniestraat 1 - ingang Hembrugstraat",SB391,E13+E12,E,1585,10,2,129,28,95,147,83,4,6,23,1,1,18,12,7,0,13,10,0,3,1,9,7,3,3,0,5,5,2,615
"De Spaarndammerhout, Krommeniestraat 1 - ingang Hembrugstraat",SB392,E13+E12,E,1768,7,8,121,40,96,122,101,9,11,24,1,3,8,16,4,0,12,11,1,6,3,7,5,6,4,1,9,10,0,631
"De Spaarndammerhout, Krommeniestraat 1 - ingang Hembrugstraat",SB393,E13+E12,E,1761,7,1,91,28,89,130,92,13,4,27,0,0,20,4,5,0,12,7,0,5,3,4,2,3,2,5,11,6,1,564
"De Bogt Westerbeer, Polanenstraat 6",SB394,E13+E12,E,1149,16,6,123,49,78,158,93,11,13,27,1,0,11,11,8,1,1,8,1,7,0,1,14,10,2,0,8,12,3,651
"De Bogt Westerbeer, Polanenstraat 6",SB395,E13+E12,E,1209,3,2,124,32,91,151,95,7,9,28,0,0,9,9,21,3,10,12,0,3,2,0,7,0,2,1,6,14,1,637
"De Zeeheld, Roggeveenstraat 14",SB396,E13+E12,E,1415,6,3,118,67,105,183,98,11,16,31,3,1,15,17,13,2,13,5,0,4,5,0,1,5,1,1,7,7,0,729
"De Zeeheld, Roggeveenstraat 14",SB397,E13+E12,E,1423,4,4,112,49,101,173,91,9,8,21,0,1,16,13,10,6,4,1,1,4,7,3,0,3,4,0,4,1,0,642
"De Koperen Knoop, Van Limburg Stirumstraat 133",SB398,E14,E,1077,9,5,90,37,96,150,121,8,12,23,1,1,15,12,4,4,4,6,0,1,4,3,5,4,3,2,8,11,2,627
"De Koperen Knoop, Van Limburg Stirumstraat 133",SB399,E14,E,1232,3,5,100,37,77,170,122,15,12,21,4,0,20,7,8,1,7,7,3,4,3,2,2,4,0,1,10,15,3,655
"Amsta locatie De Werf, Van Reigersbergenstraat 829",SB400,E16,E,908,1,0,108,40,77,117,78,12,14,17,2,0,9,10,10,2,2,2,0,5,4,2,9,1,2,1,4,13,1,542
"Westerparkschool, Van Hogendorpplein 11",SB401,E14,E,1239,4,5,128,27,127,134,108,17,5,21,0,0,18,6,3,4,5,2,0,1,2,1,2,4,3,2,6,4,1,631
"Westerparkschool, Van Hogendorpplein 11",SB402,E14,E,1109,4,2,93,44,103,162,111,16,5,28,0,0,15,5,3,2,3,6,0,1,1,7,4,8,4,2,10,9,0,642
"School De Bron, Van Beuningenstraat 141",SB403,E14,E,1223,3,3,102,41,108,168,85,10,9,28,1,0,20,8,4,1,5,7,1,2,1,0,1,2,2,0,3,2,0,611
"School De Bron, Van Beuningenstraat 141",SB405,E14,E,1316,1,0,103,40,97,179,90,14,10,21,2,0,23,9,3,3,3,1,1,0,1,2,3,4,2,2,2,4,1,620
"Van Hogendorphal, Van Hogendorpstraat 921",SB406,E14,E,1643,1,2,75,23,47,106,64,2,3,15,1,0,14,5,4,1,3,4,0,3,2,1,1,4,1,1,4,1,2,387
"Van Hogendorphal, Van Hogendorpstraat 921",SB407,E14,E,1760,6,3,56,37,51,133,38,6,11,17,0,1,5,5,3,0,3,3,1,1,0,0,1,1,0,0,2,4,1,380
"Amsta locatie De Poort, Hugo de Grootkade 18-28",SB408,E16,E,1155,6,2,113,92,77,250,96,13,17,21,3,0,22,8,6,3,8,3,0,4,2,6,3,0,1,0,0,5,2,755
"Amsta locatie De Poort, Hugo de Grootkade 18-28",SB409,E16,E,1723,3,1,111,80,53,201,81,8,16,26,3,0,14,5,3,3,2,6,0,2,3,3,3,5,2,1,0,4,3,638
"Marcanti College, Jan van Galenstraat 31",SB410,E15,E,1500,5,2,94,71,95,172,74,7,24,18,3,0,16,3,7,3,12,7,0,1,1,2,1,8,0,1,5,9,5,639
"Dependance Westerparkschool, Van Hallstraat 621",SB411,E16,E,1285,5,2,175,69,128,274,163,17,23,23,1,0,25,7,20,0,4,4,0,2,2,4,4,5,3,0,10,6,3,972
"Dependance Westerparkschool, Van Hallstraat 621",SB412,E14,E,1217,2,8,140,72,147,302,159,7,20,40,1,0,18,4,1,0,10,5,1,2,4,7,1,7,3,3,6,5,0,965
"Openbare Bibliotheek Amsterdam, Van Hallstraat 615",SB413,E16,E,1171,1,0,98,51,88,179,87,11,9,20,1,0,29,9,5,1,5,3,0,4,0,2,1,2,0,0,1,3,4,613
"BSO De Waterval, Van Hallstraat 10",SB414,E15,E,1237,8,5,149,49,168,192,94,12,6,23,2,0,15,9,1,3,4,5,0,1,1,6,3,2,5,2,17,4,2,775
"ASV Bilderdijkpark, Bilderdijkpark 10",SB421,E18,E,1350,5,4,107,80,75,228,91,10,23,26,2,0,16,9,7,0,2,3,0,3,3,4,6,2,0,2,10,6,0,715
"Schoolgebouw Winterkoninkje, Jan Pieter Heijestraat 45",SB422,E18,E,1068,9,3,83,44,72,163,83,11,7,26,2,0,12,4,3,2,1,6,0,1,2,2,2,4,2,1,2,6,3,544
"Schoolgebouw Winterkoninkje, Jan Pieter Heijestraat 45",SB423,E19,E,1118,7,4,80,50,87,149,92,10,6,18,0,0,10,10,3,1,5,6,0,2,5,4,0,3,2,0,3,7,1,554
"Schoolgebouw ROC, Da Costastraat 64",SB424,E17,E,1268,2,0,95,97,75,262,87,9,18,18,0,0,20,4,6,3,9,1,0,3,3,5,3,1,2,2,6,0,2,731
"Wooncentrum De Klinker, Borgerstraat 45",SB425,E19,E,1233,15,15,249,98,158,250,231,11,28,45,3,1,26,7,34,6,9,27,2,7,4,5,7,14,1,2,25,32,0,1282
"Brede School De Kinkerbuurt, Borgerstraat 109",SB426,E18,E,1015,3,7,57,45,48,108,67,8,2,13,1,0,10,6,4,3,2,2,0,2,0,1,4,6,0,1,13,2,0,405
"Brede School De Kinkerbuurt, Borgerstraat 109",SB427,E19,E,1412,3,0,67,33,56,128,65,11,5,10,1,0,3,8,1,3,3,2,2,1,0,1,0,3,2,1,0,3,1,410
"Brede School De Kinkerbuurt, Borgerstraat 109",SB428,E19,E,1228,2,5,60,28,40,115,72,10,10,8,0,1,4,2,5,1,4,6,1,0,2,4,3,6,2,0,4,1,0,389
"Schoolgebouw Winterkoninkje, Jan Pieter Heijestraat 45",SB429,E18,E,1169,7,6,94,46,86,154,76,16,9,20,1,0,13,6,2,2,1,3,1,2,2,2,2,4,3,3,8,8,3,567
"Leonardo da Vinci school, Nassaukade 342 A",SB430,E19,E,1344,3,6,94,96,83,236,74,10,10,19,0,0,14,4,4,3,1,2,0,6,1,6,1,3,1,1,3,9,1,682
"Mentrum, 1e C Huygensstr 38",SB431,E20,E,1169,1,3,97,95,94,278,77,9,17,24,0,0,19,9,7,2,3,1,0,4,2,2,4,1,1,2,0,3,2,753
"Mentrum, 1e C Huygensstr 38",SB432,E20,E,1142,2,5,128,100,100,271,78,12,9,14,0,0,17,4,5,2,5,2,0,4,2,5,3,0,1,2,0,6,2,772
"Vondelstede, Anna van den Vondelstr 30",SB433,E22,E,1147,1,3,99,92,66,157,51,16,14,17,2,0,9,7,6,0,11,1,0,2,4,2,0,3,0,0,1,3,1,564
"Vondelstede, Anna van den Vondelstr 30",SB434,E22,E,1091,4,0,90,90,55,213,54,7,12,9,0,0,11,3,1,0,0,0,0,3,0,2,1,1,0,1,2,0,0,555
"Mentrum, 1e C Huygensstr 38",SB435,E20,E,1121,0,1,108,103,114,237,74,15,12,13,0,0,8,3,2,3,9,3,0,0,2,1,3,1,1,3,3,4,1,723
"Wackersacademie, Eerste Helmersstraat 271",SB436,E20,E,1715,8,2,117,89,104,269,90,16,20,21,0,1,13,4,9,3,5,2,0,0,1,6,4,0,2,1,2,5,3,787
"Wackersacademie, Eerste Helmersstraat 271",SB437,E21,E,1778,5,5,106,96,89,259,98,19,14,24,0,0,10,8,2,3,3,1,0,4,2,1,6,2,2,0,0,2,0,751
"Wackersacademie, Eerste Helmersstraat 271",SB438,E21,E,1691,5,4,103,129,96,345,80,9,22,13,2,1,12,7,6,4,2,3,2,2,2,2,1,2,0,2,0,5,0,852
"Annie M.G. Schmidt, Pieter Langendijkstraat 44",SB439,E21,E,1676,3,9,163,134,138,364,97,13,25,43,4,0,26,7,3,2,6,5,0,4,6,6,2,0,0,1,6,6,2,1063
"Annie M.G. Schmidt, Pieter Langendijkstraat 44",SB440,E21,E,1711,5,8,153,146,134,395,126,27,25,45,1,0,28,8,4,5,5,7,0,6,5,7,5,0,2,1,3,6,5,1149
"De Nieuwe Liefde, Da Costakade 102",SB441,E17,E,1182,4,0,105,93,77,173,59,5,19,12,1,0,14,4,9,1,3,4,0,1,1,4,4,0,2,2,1,4,0,598
"De Nieuwe Liefde, Da Costakade 102",SB442,E17,E,1185,3,3,103,88,84,185,60,8,17,16,0,0,10,10,2,1,0,7,0,2,2,2,0,0,2,1,0,6,0,606
"Museum Het Schip, Spaarndammerplantsoen 140",SB443,E13+E12,E,0,1,3,25,2,23,31,19,4,5,4,0,0,7,3,0,0,0,2,0,0,0,2,1,0,1,0,0,0,0,129
"Nieuw Vredenburgh, Postjesweg 125",SB460,E42,E,1322,8,5,103,52,72,182,67,15,18,20,0,0,15,2,10,4,10,1,1,3,0,4,0,6,0,0,2,5,0,592
"Nieuw Vredenburgh, Postjesweg 125",SB461,E42,E,1384,4,5,107,52,67,173,66,4,17,19,2,0,9,3,5,2,6,2,0,6,0,4,3,12,0,4,8,9,0,580
"Aslan Muziekcentrum, Corantijnstraat 9",SB462,E43,E,1183,4,4,92,75,66,225,58,8,8,16,0,0,13,3,3,2,6,2,1,5,2,6,1,1,1,0,0,3,0,597
"Aslan Muziekcentrum, Corantijnstraat 9",SB463,E43,E,1237,4,2,96,85,67,223,57,8,17,21,1,0,11,4,8,0,11,4,0,0,0,3,2,4,0,0,2,5,1,630
"Corantijnschool, Corantijnstraat 4 ingang nr. 2",SB464,E43,E,1322,2,8,150,90,97,257,113,8,20,30,2,0,18,4,4,0,5,2,0,5,2,4,5,12,2,0,2,10,1,843
"Joop Westerweelschool, Balboaplein 44",SB465,E40,E,1069,10,3,121,42,53,158,46,10,9,18,3,0,9,3,8,1,9,1,1,3,0,0,2,19,0,0,7,2,0,525
"Joop Westerweelschool, Balboaplein 44",SB466,E42,E,1222,6,7,107,55,68,131,58,11,10,14,2,0,12,4,5,1,10,3,1,5,0,0,1,8,0,0,3,2,2,513
"Joop Westerweelschool, Balboaplein 44",SB467,E42,E,1147,2,5,124,48,69,164,62,7,14,18,2,0,20,2,7,1,7,3,0,3,3,2,6,14,1,1,14,4,2,598
"De Wending, Witte de Withplein 5",SB468,E40,E,1298,10,6,118,43,59,126,42,9,17,9,0,0,17,2,7,1,4,2,0,4,3,5,5,17,3,0,17,7,2,519
"Openbare Bibliotheek Amsterdam, Mercatorplein 89",SB469,E41,E,1649,23,8,130,71,127,272,77,5,9,20,2,1,22,6,1,1,17,2,0,1,4,7,11,20,1,1,1,6,0,815
"Rosa Boekdrukkerschool, Vancouverstraat 3",SB471,E41,E,1438,6,6,90,26,70,122,45,4,7,17,1,0,15,3,4,0,9,1,0,5,1,2,4,14,2,1,8,8,0,459
"Rosa Boekdrukkerschool, Vancouverstraat 3",SB472,E41,E,1404,3,5,111,44,72,153,74,7,5,9,0,0,13,6,8,0,2,2,3,2,2,4,6,30,0,1,6,15,1,576
"Rosa Boekdrukkerschool, Vancouverstraat 3",SB473,E41,E,1612,10,7,81,22,63,109,31,4,7,8,1,0,8,1,0,2,6,1,0,0,2,0,2,9,0,0,14,5,0,376
"School De Roos, Jan van Galenstraat 105",SB474,E40,E,1267,4,4,144,106,124,298,67,9,16,23,3,0,14,7,5,1,7,8,0,5,2,5,2,9,0,2,2,11,3,873
"School De Roos, Jan van Galenstraat 105",SB475,E40,E,1392,6,2,107,85,100,308,83,10,8,15,3,0,25,7,3,2,13,5,0,3,3,9,4,6,1,0,3,2,1,806
"School De Roos, Jan van Galenstraat 105",SB476,E40,E,1512,11,5,123,104,117,244,94,5,25,34,6,0,13,3,10,4,5,2,1,9,1,8,4,7,3,3,9,17,4,855
"School As Siddieq, Cornelis Dirkszstraat 6",SB477,E40,E,1815,3,6,117,56,85,185,78,10,12,21,1,0,13,11,4,2,11,4,0,7,1,4,11,9,1,0,30,8,0,681
"School De Meidoorn, ingang hek Van Kinsbergenstraat",SB478,E40,E,1570,16,11,173,104,148,349,118,18,27,34,3,0,19,10,7,1,9,7,0,8,2,6,4,32,5,0,22,9,1,1116
"Het Sieraad, Postjesweg 1",SB479,E43,E,1098,5,1,89,53,63,167,31,5,13,13,2,0,19,3,6,1,7,2,0,1,2,2,3,2,3,0,6,4,2,499
"Het Sieraad, Postjesweg 1",SB480,E43,E,1170,4,1,108,65,77,241,48,10,16,17,0,0,21,2,1,1,14,11,0,1,2,6,3,9,1,0,6,6,0,666
"Dr. J. Th. de Visserschool, Columbusplein 34",SB481,E42,E,1337,11,7,136,53,92,159,72,9,13,12,1,1,8,7,8,1,8,11,0,3,0,0,7,14,0,0,10,8,2,635
"Jacob Maris Buurthuis, Columbusplein 253",SB482,E42,E,1328,9,4,87,27,56,96,64,12,14,15,1,1,13,2,8,3,11,7,0,0,2,1,5,12,4,3,13,7,0,464
"Huizingaschool - gymgebouw, Jacob Geelstraat 54",SB491,F85,F,1148,11,10,95,18,13,47,65,2,8,3,3,0,8,1,5,0,5,9,0,6,0,0,1,34,0,0,31,13,0,367
"Huizingaschool - gymgebouw, Jacob Geelstraat 54",SB492,F85,F,1026,8,4,83,22,23,47,51,10,12,6,3,0,6,1,6,2,3,15,0,0,3,0,3,12,1,1,3,13,0,326
"Zorgcentrum De Schutse, Comeniusstraat 20",SB493,F85,F,819,5,0,60,68,25,75,36,9,38,19,5,0,4,0,12,0,14,5,0,3,0,4,1,2,1,1,7,11,0,400
"BSO De Groeiwereld, Lakenhalstraat 2",SB494,F85,F,1095,2,4,128,109,84,179,54,5,30,11,7,0,12,0,7,1,4,5,0,11,1,3,7,10,1,1,1,20,0,691
"Pro Regeschool, Hemsterhuisstraat 87 A",SB495,F85,F,904,6,3,100,37,66,144,55,7,27,13,4,0,8,1,10,0,15,4,0,3,1,0,0,8,1,3,14,14,1,536
"Stadsdeelkantoor, Pieter Calandlaan 1",SB496,F85,F,1123,6,5,124,55,59,141,78,3,27,16,8,2,8,4,13,1,9,12,0,9,1,2,4,13,0,1,14,27,0,631
"Stadsdeelkantoor, Pieter Calandlaan 1",SB497,F85,F,1211,20,11,124,55,41,142,56,7,20,19,6,0,8,0,4,0,17,10,1,3,2,1,0,21,0,0,27,16,1,581
"De Drie Hoven, Louis Bouwmeesterstraat 377",SB498,F85,F,1085,6,6,111,41,29,86,59,7,25,14,5,0,7,0,17,1,7,9,0,8,0,1,3,11,4,0,16,27,0,488
"De Drie Hoven, Louis Bouwmeesterstraat 377",SB499,F85,F,1130,12,3,102,30,26,68,76,2,19,13,0,0,6,0,12,0,12,0,0,1,0,1,1,18,1,0,14,21,0,423
"Obs De Vlaamse Reus, Hechtelstraat 49(zij-ingang Zonhovenstr)",SB500,F88,F,1281,9,4,105,64,39,133,64,6,46,8,8,0,6,0,16,1,12,27,0,8,1,3,4,10,1,1,5,30,0,598
"Obs De Vlaamse Reus, Hechtelstraat 49(zij-ingang Zonhovenstr)",SB501,F88,F,1283,6,4,107,68,38,126,70,11,42,14,14,0,6,0,16,2,4,31,0,15,1,4,5,7,0,0,1,27,0,609
"Obs De Vlaamse Reus, Hechtelstraat 49(zij-ingang Zonhovenstr)",SB502,F88,F,1372,4,2,118,82,27,123,70,3,23,15,7,0,12,0,11,0,12,18,0,13,1,1,9,3,1,2,8,31,0,590
"Ipabo, Jan Tooropstraat 136",SB503,F86,F,1226,6,4,129,43,34,100,67,1,11,6,2,0,6,0,3,0,7,3,1,5,0,1,0,51,0,0,75,7,0,552
"Ipabo, Jan Tooropstraat 136",SB504,F86,F,1231,11,8,107,44,27,94,47,4,14,7,7,0,9,2,3,0,6,2,1,0,1,2,4,43,1,0,83,4,2,514
"Kinderdagverblijf Uk Christoffel, Louwesweg 4",SB505,F85,F,1658,5,2,128,86,68,237,66,8,38,29,3,0,36,1,7,0,7,10,0,10,1,27,5,3,1,1,0,14,3,789
"Calvijn juniorcollege Meetingpoint, Schipluidenlaan 18",SB506,F87,F,1170,2,8,87,105,33,214,29,3,19,8,5,0,7,3,6,1,6,4,0,1,2,0,0,2,0,0,3,12,2,552
"Stichting Argan, Jan Tooropstraat 6 A",SB507,F86,F,1122,5,9,101,38,34,97,55,11,32,10,1,0,12,0,4,1,10,3,1,2,1,2,4,32,0,0,32,19,2,504
"Dr. Coronelschool, Jan Sluijtersstraat 3",SB508,F86,F,950,4,4,82,14,21,52,26,1,7,9,2,0,5,1,2,0,9,3,0,2,0,0,1,15,3,0,39,5,0,299
"CoCo's Keuken, Saskia van Uijlenburgkade 170",SB509,F87,F,860,5,0,52,103,27,147,21,4,10,6,0,0,3,0,1,0,2,3,0,1,2,0,1,12,0,1,10,6,4,416
"Brede school Fiep Westendorp, Overschiestraat 168 A",SB510,F87,F,1682,10,4,99,49,41,129,61,4,22,18,2,0,8,1,1,0,19,5,1,7,0,7,3,17,1,1,13,12,1,522
"Brede school Fiep Westendorp, Overschiestraat 168 A",SB511,F87,F,1836,0,0,138,76,57,194,63,7,32,16,2,0,13,5,5,3,10,0,0,1,1,2,2,33,2,1,27,22,1,713
"Ipabo, Jan Tooropstraat 136",SB512,F86,F,1461,9,10,110,17,28,106,53,6,17,8,6,0,7,2,0,0,4,0,0,0,0,3,1,57,2,0,57,0,1,485
"RK basisschool de Mijlpaal, Westmallepad 11",SB513,F88,F,1258,3,4,155,66,36,123,72,7,37,10,7,0,3,0,10,2,7,11,0,14,0,2,9,3,1,1,14,27,1,618
"RK basisschool de Mijlpaal, Westmallepad 11",SB514,F88,F,1229,2,4,132,75,46,118,101,9,31,11,5,0,9,1,9,1,10,13,0,4,1,2,5,9,1,1,4,18,1,617
"dep. de Mijlpaal, Anderlechtlaan 1",SB515,F88,F,1085,0,3,77,86,41,144,36,18,23,21,8,0,6,0,16,2,9,11,0,7,1,3,4,3,0,1,6,7,0,530
"dep. de Mijlpaal, Anderlechtlaan 1",SB516,F88,F,1062,1,3,103,108,46,147,52,9,20,15,7,0,6,0,8,0,4,9,0,9,0,1,5,9,2,0,0,11,0,571
"Dienstencentrum Oostoever, Bonnefantenstraat 10",SB517,F85,F,889,8,8,90,48,61,72,65,3,40,15,1,0,5,2,5,0,10,6,0,0,1,0,4,7,0,3,2,46,1,487
"Cordaan, Ottho Heldringstraat 13 A",SB518,F85,F,1843,13,14,180,49,35,150,71,11,18,17,8,3,6,4,8,3,20,8,1,5,2,5,1,45,1,0,48,18,3,720
"dep. de Mijlpaal, Anderlechtlaan 1",SB519,F88,F,1026,10,5,138,124,45,156,45,13,38,14,6,0,5,2,4,2,11,15,1,13,0,1,9,10,1,1,4,31,2,691
"Woon- en Zorgcentrum De Riekerhof, Johan Jongkindstraat 3",SB520,F86,F,872,9,8,71,21,18,62,32,2,19,8,3,1,4,0,5,0,9,5,1,6,2,1,3,21,0,0,26,15,1,336
"7e Montessori - gymzaal, Nachtwachtlaan 35 via fietspad",SB522,F86,F,1293,7,3,77,114,60,269,37,1,29,9,0,0,17,1,3,2,4,5,0,1,2,0,1,1,1,1,1,7,0,643
"Al Wafa Islamitische Basisschool, Harry Koningsbergerstr 30",SB531,F76+F75,F,1665,7,12,145,48,49,92,92,8,14,14,4,1,6,3,8,0,17,2,0,7,4,2,3,33,0,0,27,21,8,608
"O.B.S.Slootermeerschool, Burgemeester Fockstraat 85",SB533,F76+F75,F,1733,18,18,162,50,45,117,102,5,18,9,3,0,7,0,18,3,18,8,0,7,1,5,9,76,1,0,31,24,2,721
"Veerkracht Gereformeerde Basisschool, Slotermeerlaan 160",SB535,F76+F75,F,1636,4,5,109,29,24,70,54,4,13,18,3,0,5,0,6,0,19,8,1,4,0,0,4,35,0,0,20,18,0,444
"Veerkracht Gereformeerde Basisschool, Slotermeerlaan 160",SB536,F76+F75,F,1704,5,4,93,28,31,58,65,4,9,10,0,0,8,3,1,2,13,4,0,4,0,1,4,39,1,0,15,19,1,413
"Woonzorgcentrum Nieuw Geuzenveld, Cornelis Outshoornstraat 126",SB537,F78,F,794,6,7,110,41,22,74,57,8,30,10,8,1,6,1,13,1,17,23,1,16,0,0,5,30,0,0,13,39,1,527
"'t Koggeschip Katholieke Basisschool, Abraham Kuyperplein 2",SB538,F78,F,1723,8,6,172,55,18,89,66,4,21,9,8,0,4,1,15,1,10,7,1,9,0,2,3,85,2,0,35,21,1,639
"Stadsdeelkantoor Nieuw-West, Plein '40-'45 nr.1",SB539,F77,F,1254,8,7,146,43,38,110,82,6,18,8,5,0,7,1,7,0,16,13,1,13,2,5,6,39,5,0,39,22,1,633
"Stadsdeelkantoor Nieuw-West, Plein '40-'45 nr.1",SB540,F77,F,1343,10,16,151,57,25,86,63,1,23,15,8,0,4,0,4,0,14,7,0,3,0,1,3,36,1,0,25,10,4,541
"De Honingraat/Eigenwijks, Slotermeerlaan 103",SB541,F77,F,1490,12,17,224,37,26,92,92,6,27,13,4,2,4,0,15,4,24,8,0,3,2,0,7,96,3,0,42,24,2,757
"Timotheusschool, Sam van Houtenstraat 2",SB542,F78,F,1858,5,6,151,33,20,74,52,5,8,7,7,0,7,3,10,1,10,3,1,5,0,1,4,78,1,0,29,17,3,530
"Timotheusschool, Sam van Houtenstraat 2",SB543,F78,F,1657,5,2,139,22,28,97,72,3,16,10,0,0,9,0,6,3,14,5,0,4,0,1,2,72,0,0,33,7,7,550
"A.H. Gerhardhuis/Osira Groep, Slotermeerlaan 1",SB544,F77,F,1659,14,6,129,45,53,147,69,7,25,19,8,0,7,3,7,1,21,2,1,5,1,6,3,43,1,1,20,33,1,658
"SBO De Kans, Thomas van Aquinostraat 2",SB545,F77,F,1617,9,6,151,37,27,57,75,3,15,13,2,0,5,2,7,0,14,10,0,10,1,0,6,51,1,0,13,33,0,533
"School De Wissel, Herman Poortstraat 17",SB546,F77,F,1070,4,7,69,31,32,65,56,4,17,13,2,0,6,2,9,0,6,12,0,0,1,1,4,8,0,0,12,20,0,370
"School De Wissel, Herman Poortstraat 17",SB547,F77,F,1126,6,4,79,37,19,67,47,9,17,15,0,0,4,0,9,1,7,2,0,4,0,0,2,12,2,0,4,20,2,359
"De Ontmoeting - ingang Fysiotherapie, Louis Couperusstraat 133",SB548,F77,F,1115,10,4,77,12,30,57,53,3,17,13,5,0,4,1,11,1,11,5,1,8,0,1,3,32,0,0,29,19,2,395
"De Ontmoeting - ingang Fysiotherapie, Louis Couperusstraat 133",SB549,F77,F,1037,7,7,88,23,22,63,65,3,10,10,1,0,6,2,8,0,8,0,2,1,0,3,1,36,2,1,17,18,0,390
"Het Pluspunt Geuzenveld, Albardakade 7",SB550,F78,F,991,10,7,84,33,24,68,40,2,15,4,4,0,6,1,3,1,15,3,0,5,0,2,1,36,3,3,12,26,0,391
"Het Pluspunt Geuzenveld, Albardakade 7",SB551,F78,F,842,4,4,89,37,24,77,39,1,12,7,1,0,2,3,8,0,12,1,2,0,1,0,2,37,1,0,18,14,0,388
"Goeman Borgesiusschool, Aalbersestraat 35",SB552,F79,F,1156,3,12,136,42,20,77,74,7,15,15,10,0,6,0,11,1,3,15,0,8,0,1,11,36,1,1,11,33,0,534
"Goeman Borgesiusschool, Aalbersestraat 35",SB553,F78,F,1251,4,7,104,40,16,76,58,4,16,9,11,0,3,0,7,2,15,8,0,11,1,3,4,41,0,2,12,26,0,469
"Woonzorgcentrum Nieuw Geuzenveld, Cornelis Outshoornstraat 126",SB554,F79,F,803,1,1,78,39,15,45,43,6,11,6,3,0,2,0,5,1,2,4,0,14,0,1,2,17,0,0,10,3,1,308
"Pieter Jelles Troelstraschool, ingang De Savornin Lohmanstraat",SB555,F78,F,907,4,7,104,29,14,40,29,7,7,11,1,0,4,0,4,0,3,4,0,5,0,2,0,38,0,0,5,8,0,315
"Pieter Jelles Troelstraschool, ingang De Savornin Lohmanstraat",SB556,F78,F,1004,4,0,74,28,17,46,35,7,12,15,6,0,7,0,7,5,6,9,1,2,0,0,0,27,0,0,10,17,0,331
"JIP (Jongeren Informatie Punt), Termini 22 (Gebouw ROC)",SB600,N69,N,1271,4,6,82,29,33,103,48,0,6,8,3,0,16,5,9,0,16,6,2,2,0,5,0,7,1,3,5,14,0,403
"Brede Mgr. Bekkersschool, Volendammerweg 160",SB601,N68,N,1041,7,6,113,13,27,40,39,0,14,3,4,2,2,1,8,0,18,4,1,4,0,1,0,24,0,0,9,5,3,335
"Korthagenhuis, Amerbos 590",SB602,N69,N,1195,6,1,113,75,38,108,78,7,53,18,5,1,9,4,29,0,20,13,0,13,1,0,2,4,0,0,8,80,1,680
"CafÌ© Restaurant De Pont, Buiksloterweg 3",SB603,N60+N71,N,1154,6,7,144,69,152,279,89,15,18,21,0,1,24,10,8,0,11,4,0,4,4,10,1,9,1,3,3,6,3,889
"Het Schouw, Dollardplein 2",SB604,N69,N,671,12,1,100,57,22,91,73,8,29,17,2,0,5,2,20,0,5,6,0,14,1,5,3,1,1,0,3,52,0,517
"vm Huishoudschool, Meeuwenlaan 134",SB605,N61+N72,N,1014,3,3,48,12,50,53,37,2,3,13,0,0,17,2,2,1,0,4,0,12,0,3,0,0,0,0,0,13,0,272
"Muziekschool Noord, Alkmaarstraat 10",SB606,N68,N,1027,6,5,99,18,27,63,67,6,10,11,12,0,7,2,7,0,4,4,0,9,0,3,0,18,0,0,5,21,0,393
"OBS De Driemaster, Binnenvaart 1",SB607,N70,N,1233,3,3,62,37,31,83,33,8,13,10,5,0,8,7,13,0,18,6,1,6,0,1,1,2,1,0,3,17,0,366
"Brede Mgr. Bekkersschool, Volendammerweg 160",SB608,N68,N,947,3,4,93,24,24,43,37,0,18,7,4,0,0,1,2,0,8,6,0,4,0,0,1,13,0,0,14,9,0,308
"Brede Mgr. Bekkersschool, Volendammerweg 160",SB609,N68,N,1000,7,3,67,17,26,39,41,3,14,5,0,1,0,1,2,1,21,4,0,4,0,0,1,8,1,0,8,8,3,275
"Andische, Beemsterstraat 491",SB610,N68,N,1152,0,0,60,20,28,39,50,3,17,9,6,0,3,1,21,0,17,6,0,14,0,2,0,7,0,0,9,18,0,330
"De Kimme, ingang IJdoornlaan 599",SB611,N68,N,1240,13,4,138,90,27,127,87,8,47,14,5,0,4,1,36,1,16,3,0,18,1,6,2,9,1,2,2,49,1,695
"Speeltuinvereniging Nieuwendam, Monnikendammerplantsoen 12 A",SB612,N62,N,1158,4,3,99,46,58,101,64,7,19,20,14,0,6,3,13,0,5,11,0,12,0,0,1,1,0,1,2,37,0,520
"Speeltuinvereniging Nieuwendam, Monnikendammerplantsoen 12 A",SB613,N68,N,1152,2,1,70,42,53,122,85,11,15,23,5,0,4,2,9,4,2,5,0,14,1,1,0,4,1,4,0,12,1,490
"Herv.Gem. Nieuwendam, Brede Kerkepad 6-8 (ingang via hek)",SB614,N62,N,1179,5,6,140,50,67,155,133,10,19,34,5,0,10,6,18,0,14,7,0,25,0,0,1,0,0,0,1,70,1,766
"OBS Buikslotermeerschool, Breedveld 8",SB615,N69,N,1222,9,10,143,29,35,82,93,2,15,13,1,1,7,3,15,1,11,9,0,17,0,3,1,8,1,2,2,14,2,510
"De Die, Loenermark 900",SB616,N69,N,1209,17,5,124,49,41,104,111,10,20,19,8,1,10,0,25,2,10,7,3,18,1,0,1,3,4,2,4,53,1,631
"OBS De Klimop, Varenweg 6",SB617,N60+N71,N,1014,7,9,88,10,38,65,83,4,4,12,2,0,11,2,6,0,4,12,0,5,0,3,1,4,1,1,7,16,0,379
"Professor Waterinkschool, Kopjachtplein 19",SB618,N70,N,842,2,3,60,14,20,36,38,6,10,8,6,0,1,2,7,0,9,7,0,5,1,0,0,4,1,0,0,11,1,247
"Buurtcentrum de Driehoek, Waddenweg 116",SB619,N63+N64,N,1116,6,5,102,67,59,153,111,20,22,30,12,4,5,3,29,5,14,6,1,22,2,5,4,0,1,0,2,27,0,706
"Dienstcentrum De Openvaart, Hagedoornplein 1B",SB620,N60+N71,N,1112,0,4,104,10,37,50,76,2,5,17,6,0,12,4,3,2,4,4,1,8,0,0,1,7,2,0,26,10,2,393
"OBS De Kinderboom, Adelaarsweg 113 (ingang speelplaats)",SB621,N61+N72,N,961,9,11,126,24,53,70,68,10,11,13,4,1,11,4,9,1,19,6,0,11,2,5,1,9,0,1,14,17,1,491
"House of Worship (kerk), Zwanenplein 34",SB622,N61+N72,N,1106,14,3,95,11,50,49,69,1,7,20,0,0,13,2,3,3,8,3,0,4,1,0,0,7,5,0,18,10,0,379
"Speeltuinvereniging Nieuwendammerham, Havikslaan 20",SB623,N61+N72,N,1045,6,10,81,10,52,68,62,4,4,17,2,0,23,1,2,3,12,2,0,4,0,3,0,3,0,1,18,17,1,390
"Buurtcentrum De Meeuw, Motorwal 300",SB624,N61+N72,N,1140,7,7,151,29,61,130,137,11,6,26,4,1,6,11,9,2,21,13,0,16,3,5,1,2,1,2,15,26,0,689
"Het Antoniushuis, Kamperfoelieweg 207",SB625,N60+N71,N,1130,6,1,73,29,25,66,51,4,14,10,2,0,3,0,12,4,7,4,0,10,0,0,1,1,0,1,1,16,0,334
"Altra College Noord, Purmerweg 116",SB626,N62,N,1126,3,1,67,31,44,82,78,7,17,24,1,0,8,4,15,2,11,14,0,27,3,0,1,1,0,0,0,29,0,466
"Gebouw, Meteorenweg 19A",SB627,N65,N,1140,5,3,47,19,16,50,67,2,12,11,5,0,3,3,23,1,1,8,0,33,1,2,2,1,0,1,0,53,1,362
"Kringloopbedrijf De Lokatie, Distelweg 85",SB628,N60+N71,N,1020,10,8,87,15,61,84,86,8,4,25,4,0,11,10,4,2,11,6,0,16,3,1,6,6,4,3,6,13,4,480
"Buurtcentrum De Valk, IJplein 3",SB629,N61+N72,N,1188,4,2,94,24,67,72,93,4,12,11,1,1,12,3,6,2,10,5,0,10,2,1,2,2,1,0,3,21,0,459
"OBS Oranje Nassauschool, Ribesstraat 13-15",SB630,N60+N71,N,1059,10,2,88,19,58,81,76,6,2,20,8,0,15,2,17,3,4,8,0,11,0,2,0,2,1,1,7,25,0,456
"Speeltuinvereniging Bloemenkwartier, Wingerdweg 260 B",SB631,N60+N71,N,1097,8,2,77,12,51,67,77,5,9,18,2,0,7,1,15,0,8,3,0,10,0,1,0,2,2,0,6,24,4,401
"Huis van Wijk, Waterlandplein 302",SB632,N68,N,1037,13,6,126,64,52,104,90,7,19,13,8,1,12,3,19,0,15,4,0,19,0,2,0,5,0,0,19,16,0,598
"Boven IJ Ziekenhuis, Statenjachtstraat 1",SB633,N70,N,715,8,1,149,54,60,96,84,8,36,7,4,1,9,2,15,4,16,7,0,13,1,1,0,1,0,1,1,45,0,615
"OBS De Bonkelaar, Molenwijk 3",SB634,N66,N,1354,1,1,73,42,20,65,56,3,8,7,8,0,7,2,7,0,8,11,0,18,0,1,1,0,0,0,4,16,3,360
"Eduard Douwes Dekkerhuis, Schoenerstraat 11",SB635,N70,N,1200,11,0,104,45,42,84,84,9,23,16,4,0,9,3,8,0,23,13,1,11,0,2,2,8,0,2,8,33,0,534
"Kadoeler Breek, Banne Buikslootlaan 147",SB636,N70,N,1130,1,6,90,30,28,60,111,4,12,18,4,0,3,4,13,2,19,4,1,12,0,3,1,5,2,2,6,48,0,482
"Senioren-flat de Wasknijper, G.J. Scheurleerweg 15",SB637,N69,N,1180,8,2,127,68,70,199,69,6,25,13,0,0,8,1,9,0,9,5,0,11,0,0,0,11,0,2,5,28,2,668
"OBS De Vier Windstreken, Parlevinker 11-13",SB638,N70,N,1097,3,3,109,17,19,69,86,10,7,9,3,0,6,0,19,3,16,8,1,24,0,1,2,14,1,0,25,32,0,481
"OBS De Vier Windstreken, Parlevinker 11-13",SB639,N70,N,1158,2,2,92,16,14,45,57,3,8,8,3,1,3,12,0,0,14,9,0,19,1,1,0,12,0,1,11,25,0,355
"Openbare Bibliotheek Amsterdam, Molenwijk 21",SB640,N66,N,1167,10,7,121,52,43,107,100,13,33,27,11,0,5,2,24,2,28,10,0,21,0,3,4,6,3,0,13,41,2,671
"OBS De Botteloef, Overslag 1",SB641,N70,N,1062,11,6,110,24,12,55,96,7,16,8,6,0,3,2,15,3,17,13,0,12,0,0,1,31,0,1,8,26,1,467
"De Werf, Klinkerweg 73",SB642,N65,N,1154,3,2,77,31,28,50,83,2,13,16,9,0,3,3,18,1,9,9,0,18,0,6,4,3,2,0,2,55,4,446
"De Werf, Klinkerweg 73",SB643,N65,N,1126,7,3,82,22,21,69,59,9,12,14,5,0,4,1,10,2,7,12,0,13,1,9,0,3,0,0,6,26,0,387
"SBO De Zeppelin, Bessenpad 1",SB644,N65,N,1205,7,0,67,30,41,96,93,6,9,10,4,0,14,3,14,2,4,3,0,20,0,3,1,5,1,2,3,27,0,458
"Orion College Amsterdam, Beijerlandstraat 2",SB645,N63+N64,N,729,2,1,51,19,30,73,60,7,12,4,6,0,3,0,10,1,6,6,0,3,0,0,0,0,0,2,1,18,1,313
"Orion College Amsterdam, Beijerlandstraat 2",SB646,N63+N64,N,753,0,1,28,18,22,47,36,3,5,6,4,0,2,1,1,2,1,2,0,9,3,2,0,3,0,2,1,11,0,209
"EYE, IJpromenade 1",SB647,N71,N,0,0,0,15,4,21,31,15,2,0,3,1,0,2,3,4,0,0,0,0,0,0,0,0,0,0,0,0,3,0,104
"Bethelkerk, Plejadenplein 44",SB648,N66,N,1278,14,4,89,40,30,68,96,14,22,23,5,0,17,3,19,2,15,25,0,35,1,0,2,2,0,2,2,53,0,565
"Twiskehuis, Watermanstraat 2",SB649,N65,N,1351,6,5,71,38,20,60,123,4,31,26,16,0,8,5,21,2,7,23,1,34,0,0,1,2,1,1,3,68,2,568
"Buurtcentrum De Evenaar, Kometensingel 189",SB650,N66,N,1239,1,4,55,18,27,46,64,3,16,9,13,0,7,3,15,6,3,14,0,26,1,2,0,1,0,0,1,26,3,359
"OBS Twiskeschool, Pandorinastraat 7A",SB651,N67,N,1188,8,3,93,97,58,116,73,5,23,19,4,0,10,6,13,1,16,11,0,16,0,4,0,0,1,1,3,24,2,596
"OBS Twiskeschool, Pandorinastraat 7A",SB652,N66,N,1165,8,6,80,79,56,125,81,7,14,21,6,0,8,5,5,0,6,11,1,19,1,4,0,0,2,0,0,37,2,570
"Kindercentrum De Morgenstond, Kampina 7",SB653,N69,N,711,3,2,64,29,26,47,23,6,14,6,1,0,4,1,6,0,9,3,1,9,0,1,2,4,0,0,4,19,0,279
"OBS De Krijtmolen, Molenwijk 8",SB654,N66,N,1288,8,4,139,63,47,122,114,11,29,21,7,0,11,7,17,0,18,15,0,20,1,2,1,8,2,1,9,32,2,699
"OBS De Vijfsterren, Markengouw 245 A",SB655,N68,N,1198,0,1,135,73,39,113,54,3,38,4,2,1,9,1,6,1,24,11,0,12,1,1,5,16,1,0,20,22,2,594
"Basisschool de Satelliet, Kometensingel 54 (hoofd ingang)",SB656,N65,N,888,3,1,80,28,37,80,77,8,13,16,8,0,4,1,6,2,19,8,0,39,1,6,4,0,1,0,1,31,1,471
"Dorpshuis de Beke, Dorpsweg Ransdorp 29",SB657,N73,N,865,1,1,75,99,57,144,43,6,57,13,3,0,13,6,2,0,16,2,0,5,0,0,1,0,0,3,0,10,0,555
"Basisschool Cosmicus Impuls, Het Breed 10",SB658,N69,N,864,0,3,70,9,26,51,42,3,5,4,1,0,6,4,9,0,9,5,0,3,0,0,2,8,2,0,2,7,0,268
"Wijksteunpunt Wonen Noord, J. Drijverweg 5",SB659,N69,N,1226,9,8,134,44,25,74,69,1,25,13,3,0,3,0,12,0,12,4,1,14,0,0,1,16,0,1,10,22,0,484
"Het Anker, Kamperfoelieweg 226",SB660,N60+N71,N,1088,5,2,87,13,46,75,76,7,7,17,7,0,11,4,16,7,17,16,0,32,1,1,1,11,5,0,4,45,3,509
"OBS Dorus Rijkersschool, Kofschipstraat 47",SB661,N70,N,1150,7,6,104,20,16,70,54,3,11,7,3,0,7,1,10,0,15,4,0,8,0,0,1,4,0,5,13,11,0,367
"De Rank, Druivenstraat 35",SB662,N65,N,1169,2,3,59,43,36,94,58,3,15,18,2,0,11,2,12,0,7,8,0,41,1,0,0,5,0,2,5,22,0,444
"Gebouw het Twiske, Nathan F. Israelweg 3",SB663,N67,N,1212,5,3,79,49,28,72,87,13,15,12,10,0,9,2,15,0,7,12,0,20,0,2,6,8,3,0,0,40,0,489
"Stadsdeelkantoor, Anton de Komplein 150",SB701,T93,T,1158,13,8,177,40,51,95,62,5,5,10,1,0,6,0,3,2,67,3,1,1,4,1,1,2,2,1,1,7,3,551
"Stadsdeelkantoor, Anton de Komplein 150",SB702,T93,T,1129,25,8,191,25,50,76,60,4,5,10,4,1,2,0,3,1,53,1,0,4,0,6,0,0,1,0,6,7,0,510
"Basisschool Klaverblad, Darlingstraat 1",SB703,T93,T,1112,3,2,64,15,28,40,14,2,6,8,1,0,2,1,0,0,13,1,0,3,1,6,1,1,0,1,0,5,1,214
"Verpleeghuis Gaasperdam, Soestdijkstraat 4",SB704,T96+T92,T,912,3,3,63,20,23,59,31,2,17,10,2,0,5,2,16,0,16,4,0,3,1,1,2,0,2,0,0,5,0,284
"Verpleeghuis Gaasperdam, Soestdijkstraat 4",SB705,T96+T92,T,929,6,1,75,16,25,48,43,4,8,5,0,0,8,0,10,1,22,2,1,5,1,3,1,1,2,0,1,9,1,292
"Wooncentrum De Venser, Berthold Brechtstraat 1",SB706,T93,T,1091,6,2,107,15,29,30,35,4,5,3,1,1,1,0,8,3,16,0,0,6,1,0,0,1,0,1,2,14,1,284
"Wooncentrum De Venser, Berthold Brechtstraat 1",SB707,T93,T,1062,2,5,91,10,24,38,41,3,7,3,2,0,7,0,2,3,25,3,0,3,1,0,1,4,1,0,0,8,1,278
"Wooncentrum De Drecht, Niftrikhof 1",SB708,T96+T92,T,932,2,7,106,12,41,27,47,7,13,10,3,0,5,2,7,1,31,10,0,3,0,3,0,0,1,0,0,22,0,351
"Wooncentrum De Drecht, Niftrikhof 1",SB709,T96+T92,T,1067,12,2,126,11,20,32,36,6,11,8,0,1,1,0,7,0,39,3,1,5,4,0,1,0,1,1,1,14,0,329
"Verzorgingshuis Eben HaÌÇzer, Wisseloord 219",SB710,T97,T,1204,9,8,96,28,36,59,62,6,28,11,0,0,3,0,9,2,46,3,1,13,1,2,1,2,2,1,4,15,0,431
"Verzorgingshuis Eben HaÌÇzer, Wisseloord 219",SB711,T97,T,1174,5,1,117,22,38,62,60,6,12,22,0,0,5,1,4,0,34,7,1,10,0,2,0,0,1,3,1,15,2,425
"School De Rozemarn, Huntum 16",SB712,T93,T,1209,10,10,109,13,31,18,28,5,6,1,0,0,4,0,2,0,53,1,0,4,0,0,0,3,3,1,2,4,0,288
"School De Rozemarn, Huntum 16",SB713,T93,T,1201,8,5,83,17,43,47,27,6,8,4,1,0,7,0,0,0,61,1,1,1,0,7,0,0,1,0,1,1,0,317
"School De Ster, Woudrichemstraat 8",SB714,T97,T,887,1,0,70,7,20,25,38,2,6,5,1,0,5,1,8,3,23,3,0,10,1,2,0,1,0,0,0,11,4,246
"School De Ster, Woudrichemstraat 8",SB715,T97,T,864,2,1,68,15,30,27,30,1,6,10,0,0,6,1,8,2,16,2,0,9,1,1,0,0,0,1,1,9,0,244
"School De Tamboerijn, Reigersbos 301",SB716,T96+T92,T,1056,18,2,129,31,55,80,78,14,24,20,3,2,8,2,11,2,33,4,0,12,1,0,0,1,0,1,1,18,3,533
"School De Tamboerijn, Reigersbos 301",SB717,T96+T92,T,1119,9,2,125,31,47,77,77,5,16,19,1,1,8,2,15,1,40,6,1,17,0,0,2,0,1,0,0,16,1,509
"Jongerencentrum No Limit, Geldershoofd 80",SB718,T94,T,855,11,6,90,10,37,37,23,4,11,3,1,0,3,0,5,2,51,0,0,7,1,1,0,2,0,0,8,1,2,299
"School De Brink, Mijehof 302 (ingang speelplaats)",SB719,T96+T92,T,1028,5,0,122,38,37,109,72,6,25,5,2,0,6,0,15,1,23,7,1,11,0,0,2,0,0,1,0,14,1,498
"Portocabin naast Station Amsterdam, Bijlmer Arena - Hoogoorddreef",SB720,T96+T92,T,0,7,3,48,41,38,104,26,4,7,3,0,0,7,0,2,0,20,0,0,5,2,3,0,1,0,1,0,3,0,315
"Holendrechtschool, Holendrechtplein 39",SB721,T96+T92,T,1057,9,2,87,12,24,20,27,3,6,9,1,0,2,0,6,1,44,2,0,5,0,0,1,2,1,0,0,10,0,263
"School Het Gein, Cornelis Aarnoutsstraat 80",SB722,T97,T,930,7,3,89,54,32,113,72,8,24,25,2,0,9,0,10,1,23,3,1,21,0,2,3,0,0,1,0,7,0,500
"School Het Gein, Cornelis Aarnoutsstraat 80",SB723,T97,T,924,4,6,89,69,39,114,61,13,12,10,1,1,11,0,5,1,13,6,0,26,0,0,1,1,0,1,2,15,1,492
"Basisschool De Schakel, Alexander Dumaslaan 9",SB724,T93,T,1107,3,11,112,16,30,52,43,0,11,8,1,0,6,0,4,0,52,4,0,5,1,3,0,0,0,0,2,8,3,361
"Basisschool De Schakel, Alexander Dumaslaan 9",SB725,T93,T,1104,4,3,115,13,43,38,29,1,3,16,1,0,3,0,0,1,52,4,1,6,0,2,0,2,1,0,2,8,1,342
"School De Regenboog, Woudrichemstraat 5",SB726,T97,T,1182,7,2,114,38,56,115,98,7,14,16,3,1,9,2,12,0,24,13,0,16,0,3,1,4,0,2,3,15,1,567
"Academisch Medisch Centrum (AMC), Meibergdreef 9",SB727,T96+T92,T,0,1,3,67,41,26,153,25,1,14,4,0,0,6,0,6,1,14,1,0,5,1,4,0,0,0,0,1,1,0,371
"Serviceflat Koornhorst, Koornhorst 32",SB728,T94,T,973,14,3,92,10,31,35,29,2,9,8,1,0,1,0,8,0,44,0,0,5,0,0,1,1,0,1,2,20,0,300
"Woongroep Surinaamse Ouderen, Randwijkhof 20-51",SB729,T96+T92,T,882,4,1,79,21,28,59,53,2,7,3,1,0,2,0,4,0,17,1,0,5,0,3,4,0,0,1,0,12,3,305
"Woongroep Surinaamse Ouderen, Randwijkhof 20-51",SB730,T96+T92,T,908,4,2,67,18,24,39,44,6,4,7,1,0,2,0,5,0,31,2,0,7,1,0,2,0,0,0,0,7,0,267
"Cultureel Educatief Centrum, Bijlmerdreef 1289",SB731,T94,T,1143,23,14,214,22,69,72,62,5,8,14,1,1,12,2,0,1,96,4,2,7,0,1,3,0,3,0,0,7,7,613
"Buurtcentrum De Bonte Kraai, Kraaiennest 68",SB732,T94,T,1132,2,4,142,22,27,57,32,3,9,6,0,0,6,2,0,1,63,3,2,5,0,0,0,7,3,0,0,7,0,397
"Serviceflat Garstkamp, Garstkamp 32",SB733,T94,T,1132,5,4,76,54,44,95,66,4,18,20,2,0,4,1,15,1,18,2,0,9,2,2,0,0,1,0,1,25,0,460
"Serviceflat Garstkamp, Garstkamp 32",SB734,T94,T,1058,2,5,79,51,27,94,59,6,17,12,1,1,3,0,7,2,14,1,0,5,0,1,0,0,1,0,2,14,3,400
"Evean HenriÌÇtte Roland Holst, Kortvoort 100",SB735,T94,T,1021,13,3,81,8,37,24,45,3,11,11,1,0,1,0,13,0,36,2,0,7,0,1,1,1,1,0,1,11,0,296
"Evean HenriÌÇtte Roland Holst, Kortvoort 100",SB736,T94,T,1024,7,1,111,21,30,41,41,2,18,10,1,0,1,0,6,0,56,6,0,4,0,0,2,1,3,1,3,5,0,363
"Woon- en zorgcentrum Nellestein, Lopikhof 1",SB737,T95,T,1118,12,2,93,54,43,126,78,4,26,20,1,0,13,2,13,0,17,6,1,13,3,0,1,0,0,3,3,13,0,533
"Stichting Dorpsraad Driemond, Stammerlandweg 10",SB738,T98,T,1207,0,0,60,113,42,158,56,5,39,24,2,1,6,1,12,2,11,11,0,37,0,1,3,0,1,1,4,18,1,609
"Bijlmerdrieschool, Kantershof 641 - 642",SB739,T94,T,1009,5,9,137,22,42,58,40,4,10,7,0,0,1,1,2,0,33,3,0,9,0,3,1,1,1,1,0,0,2,378
"Open Schoolgemeenschap Bijlmer, Gulden Kruis 5",SB740,T94,T,1117,3,0,82,14,43,44,27,3,7,5,0,0,3,1,2,3,25,2,1,4,1,2,1,1,0,0,6,10,1,288
"Open Schoolgemeenschap Bijlmer, Gulden Kruis 5",SB741,T94,T,1100,10,4,96,19,28,37,32,0,10,7,1,0,7,0,2,2,28,0,0,5,0,1,0,2,0,1,6,5,0,289
"Openbare Basisschool Bijlmerhorst, EGoli 7",SB742,T94,T,799,4,1,105,19,26,63,17,2,6,6,1,0,5,0,1,0,31,1,0,5,1,0,3,1,0,1,1,1,1,297
"Academisch Medisch Centrum (AMC), Meibergdreef 9",SB743,T96+T92,T,0,2,1,46,24,30,99,16,2,5,2,0,0,2,0,0,0,7,1,0,6,0,4,1,0,0,1,2,4,1,253
"School Nellestein, Leksmondplein 31",SB744,T95,T,1315,3,3,124,70,68,133,100,17,23,25,1,0,13,0,13,0,19,8,0,25,0,0,1,0,2,2,0,12,3,659
"Basisschool Klaverblad, Darlingstraat 1",SB745,T93,T,1104,5,2,58,10,22,32,21,1,2,2,0,0,4,0,1,1,15,2,0,0,0,8,0,0,0,1,3,1,3,187
"Buurtcentrum De Bonte Kraai, Kraaiennest 68",SB746,T94,T,1051,7,13,161,40,31,62,40,2,7,12,2,0,7,0,2,1,73,3,0,8,3,0,2,6,3,0,2,5,1,473
"Jongerencentrum No Limit, Geldershoofd 80",SB747,T94,T,852,17,10,103,12,54,37,38,2,10,2,0,0,6,0,5,1,45,2,2,4,2,1,0,0,1,1,3,2,2,335
"Open Schoolgemeenschap Bijlmer, Gulden Kruis 5",SB748,T94,T,1078,9,2,117,19,45,58,48,4,5,5,1,0,3,0,1,0,37,1,1,6,0,2,1,2,0,0,8,3,1,368
"Stadsdeelkantoor, Anton de Komplein 150",SB749,T93,T,1187,12,6,137,17,39,52,45,5,7,11,1,0,10,1,6,0,40,3,1,13,1,5,3,0,0,1,4,4,0,406
"Podium ZO!, Frissenstein 78",SB750,T93,T,1057,14,9,156,38,67,72,38,5,4,2,1,0,6,1,4,4,43,0,0,8,0,2,3,0,0,0,2,2,2,460
"Verpleeghuis Gaasperdam, Soestdijkstraat 4",SB751,T96+T92,T,908,4,1,72,9,23,47,42,0,7,13,2,0,6,0,8,0,12,0,0,4,0,0,4,1,0,1,0,11,0,262
"Holendrechtschool, Holendrechtplein 39",SB752,T96+T92,T,882,6,0,115,11,34,43,21,4,3,2,1,0,2,0,1,3,30,3,0,6,0,0,1,2,4,0,1,11,1,299
"School Het Gein, Cornelis Aarnoutsstraat 80",SB753,T97,T,926,4,4,82,75,38,112,57,8,20,15,4,0,8,1,5,2,21,8,0,24,2,3,0,0,4,3,1,13,1,507
"School De Brink, Mijehof 302 (ingang speelplaats)",SB754,T96+T92,T,1031,12,6,125,52,55,119,78,10,23,12,3,0,7,0,23,1,17,7,1,17,1,1,4,0,1,1,0,19,3,580
"School De Rozemarn, Huntum 16",SB755,T93,T,1183,9,5,110,24,32,39,26,4,6,6,0,1,3,0,2,0,66,2,0,20,0,2,1,0,1,1,1,4,0,351
"School De Schakel, Alexander Dumaslaan 9",SB756,T93,T,1118,4,1,110,19,29,34,24,2,5,4,0,2,5,0,1,0,46,2,1,5,0,2,0,2,1,0,5,3,1,303
"Wooncentrum De Venser, Berthold Brechtstraat 1",SB757,T93,T,1035,4,4,95,30,29,50,40,0,5,12,4,0,7,0,4,3,19,0,0,6,1,1,0,1,0,0,1,16,2,326
"Serviceflat Koornhorst, Koornhorst 32",SB758,T94,T,1145,5,4,94,26,28,79,54,7,13,16,1,0,6,1,13,1,33,4,1,16,1,1,2,2,1,0,0,8,0,408
"School De Tamboerijn, Reigersbos 301",SB759,T96+T92,T,1032,5,0,108,18,41,52,71,8,11,11,1,0,5,0,13,0,33,9,1,7,0,0,0,0,1,0,0,17,0,407
"Openbare Basisschool Bijlmerhorst, EGoli 7",SB760,T94,T,806,3,5,88,15,25,45,28,0,4,0,0,0,5,0,0,4,22,3,0,2,0,3,0,0,0,1,3,1,1,250
"Evean Henriette Roland Holst, Kortvoort 100",SB761,T94,T,1045,7,3,125,20,30,23,57,9,7,12,3,0,1,1,9,0,47,2,0,5,0,1,0,0,3,0,1,6,0,362
"Serviceflat Garstkamp, Garstkamp 32",SB762,T94,T,1030,9,1,100,95,39,185,57,6,26,18,1,0,17,0,13,0,2,4,0,11,0,0,0,0,0,3,0,4,1,582
"School De Ster, Woudrichemstraat 8",SB763,T97,T,886,3,0,68,17,19,31,44,2,7,12,0,2,1,1,6,1,15,1,0,8,0,0,0,1,0,0,1,14,1,252
"Fletcher Hotel Amsterdam, Schepenbergweg 50",SB764,T96+T92,T,0,0,0,8,10,7,14,6,4,1,4,0,0,3,0,2,0,3,0,0,2,0,1,0,0,0,0,0,0,0,65